"Startnumber";"Firstname";"Surname";"Gender";"Nat";"Club";"Stage";"Class";"Group";"Total Time";"Total TimeHMS";"Total Time2";"Lap";"Rank Class";"Diff Winner Class";"Rank Gender";"Diff Winner Gender";"Rank Total";"Diff Winner Total";"TimeOfDay";"City";""
"274";"Jori";"Mørkve";"F";"NOR";"Eldar IL";"NC Sprint";"K Senior";"NC";"20:04.7";"00:20:04.700";"20:04.7";"1";"1";"0:00.0";"76";"4:22.1";"144";"4:22.1";"2016-01-24T13:47:45.4000000";"";""
"269";"Chardine";"Sloof";"F";"SWE";"";"NC Sprint";"K Senior";"NC";"20:07.5";"00:20:07.500";"20:07.5";"1";"2";"0:02.8";"77";"4:24.9";"147";"4:24.9";"2016-01-24T13:46:08.2000000";"";""
"273";"Kristin";"Hjelstuen";"F";"NOR";"Oslo Skiskytterlag / Team Bardøla";"NC Sprint";"K Senior";"NC";"20:25.1";"00:20:25.100";"20:25.1";"1";"3";"0:20.4";"82";"4:42.5";"159";"4:42.5";"2016-01-24T13:47:45.8000000";"";""
"282";"Marie";"Nørstebø";"F";"NOR";"Svene IL / Team Bardøla";"NC Sprint";"K Senior";"NC";"20:25.7";"00:20:25.700";"20:25.7";"1";"4";"0:21.0";"83";"4:43.1";"160";"4:43.1";"2016-01-24T13:50:46.0000000";"";""
"268";"Hanne";"Tingelstad";"F";"NOR";"Tingelstad Skiskytterklubb / Team Statkraft Innlandet";"NC Sprint";"K Senior";"NC";"20:26.0";"00:20:26.000";"20:26.0";"1";"5";"0:21.3";"84";"4:43.4";"161";"4:43.4";"2016-01-24T13:46:06.7000000";"";""
"277";"Astrid Wathne";"Matthiessen";"F";"NOR";"Fana IL / Team Statkraft Midt-Norge";"NC Sprint";"K Senior";"NC";"20:44.4";"00:20:44.400";"20:44.4";"1";"6";"0:39.7";"90";"5:01.8";"183";"5:01.8";"2016-01-24T13:49:25.0000000";"";""
"278";"Marion Huber";"Kaas";"F";"NOR";"Tynset IF";"NC Sprint";"K Senior";"NC";"20:49.6";"00:20:49.600";"20:49.6";"1";"7";"0:44.9";"92";"5:07.0";"189";"5:07.0";"2016-01-24T13:49:50.3000000";"";""
"281";"Tonje Marie";"Skjelstadås";"F";"NOR";"Meråker Skiskytterklubb";"NC Sprint";"K Senior";"NC";"21:02.7";"00:21:02.700";"21:02.7";"1";"8";"0:58.0";"95";"5:20.1";"198";"5:20.1";"2016-01-24T13:51:03.8000000";"";""
"271";"Ingvild";"Sangesland";"F";"NOR";"Øvrebø IL / Team Statkraft Midt-Norge";"NC Sprint";"K Senior";"NC";"21:06.8";"00:21:06.800";"21:06.8";"1";"9";"1:02.1";"96";"5:24.2";"202";"5:24.2";"2016-01-24T13:47:48.0000000";"";""
"280";"Turid";"SALBU";"F";"NOR";"Voss Skiskytterlag / Team Glalaks";"NC Sprint";"K Senior";"NC";"21:21.7";"00:21:21.700";"21:21.7";"1";"10";"1:17.0";"98";"5:39.1";"217";"5:39.1";"2016-01-24T13:51:02.9000000";"";""
"275";"Karoline";"Næss";"F";"NOR";"Bjerke IL Ski / Team Statkraft Oslofjord";"NC Sprint";"K Senior";"NC";"21:53.1";"00:21:53.100";"21:53.1";"1";"11";"1:48.4";"103";"6:10.5";"241";"6:10.5";"2016-01-24T13:49:53.8000000";"";""
"270";"Hege Kne";"Galåen";"F";"NOR";"Røros IL";"NC Sprint";"K Senior";"NC";"22:15.9";"00:22:15.900";"22:15.9";"1";"12";"2:11.2";"110";"6:33.3";"255";"6:33.3";"2016-01-24T13:48:36.7000000";"";""
"284";"Maren";"Wangensteen";"F";"NOR";"Vestre Slidre IL / Team Statkraft Innlandet";"NC Sprint";"K Senior";"NC";"22:17.6";"00:22:17.600";"22:17.6";"1";"13";"2:12.9";"113";"6:35.0";"260";"6:35.0";"2016-01-24T13:53:17.8000000";"";""
"7";"Juni";"Arnekleiv";"F";"NOR";"Dombås IL / NTG Lillehammer";"NC Sprint";"K17";"NC";"16:16.7";"00:16:16.700";"16:16.7";"1";"1";"0:00.0";"6";"0:34.1";"6";"0:34.1";"2016-01-24T09:48:36.5000000";"";""
"14";"Hilde";"Fosse";"F";"NOR";"Voss Skiskytterlag / Team Glalaks";"NC Sprint";"K17";"NC";"16:34.3";"00:16:34.300";"16:34.3";"1";"2";"0:17.6";"8";"0:51.7";"8";"0:51.7";"2016-01-24T09:51:15.2000000";"";""
"10";"Sigrid Flo";"Bødal";"F";"NOR";"Stårheim IL / NTG Lillehammer";"NC Sprint";"K17";"NC";"16:34.6";"00:16:34.600";"16:34.6";"1";"3";"0:17.9";"9";"0:52.0";"9";"0:52.0";"2016-01-24T09:49:55.2000000";"";""
"23";"Hanne Eggen";"Persson";"F";"NOR";"Vingrom IL / NTG Lillehammer";"NC Sprint";"K17";"NC";"16:58.0";"00:16:58.000";"16:58.0";"1";"4";"0:41.3";"14";"1:15.4";"14";"1:15.4";"2016-01-24T09:54:38.0000000";"";""
"24";"Vilde Hagen";"FRIIS";"F";"NOR";"Ål Skiskyttarlag / NTG Geilo";"NC Sprint";"K17";"NC";"17:00.4";"00:17:00.400";"17:00.4";"1";"5";"0:43.7";"16";"1:17.8";"16";"1:17.8";"2016-01-24T09:55:01.3000000";"";""
"13";"Sigrid Bredde";"VIG";"F";"NOR";"Simostranda IL / NTG Geilo";"NC Sprint";"K17";"NC";"17:02.8";"00:17:02.800";"17:02.8";"1";"6";"0:46.1";"17";"1:20.2";"17";"1:20.2";"2016-01-24T09:51:23.3000000";"";""
"37";"Guro Seline";"Herfoss";"F";"NOR";"Drangedal Idrettslag / Team TeVe";"NC Sprint";"K17";"NC";"17:03.6";"00:17:03.600";"17:03.6";"1";"7";"0:46.9";"18";"1:21.0";"18";"1:21.0";"2016-01-24T09:59:24.0000000";"";""
"19";"Marit";"Øygard";"F";"NOR";"Skrautvål IL / Team Valdres Ski";"NC Sprint";"K17";"NC";"17:09.0";"00:17:09.000";"17:09.0";"1";"8";"0:52.3";"19";"1:26.4";"19";"1:26.4";"2016-01-24T09:53:29.9000000";"";""
"9";"Ingrid";"Idland";"F";"NOR";"Figgjo IL";"NC Sprint";"K17";"NC";"17:10.5";"00:17:10.500";"17:10.5";"1";"9";"0:53.8";"20";"1:27.9";"20";"1:27.9";"2016-01-24T09:50:11.0000000";"";""
"22";"Therese Eikrem";"Blindheim";"F";"NOR";"Fossum IF / Wang Toppidrett";"NC Sprint";"K17";"NC";"17:17.1";"00:17:17.100";"17:17.1";"1";"10";"1:00.4";"21";"1:34.5";"21";"1:34.5";"2016-01-24T09:54:38.0000000";"";""
"25";"Kristina Hipolan";"Bergmann";"F";"NOR";"Drangedal Idrettslag / Team TeVe";"NC Sprint";"K17";"NC";"17:26.2";"00:17:26.200";"17:26.2";"1";"11";"1:09.5";"26";"1:43.6";"26";"1:43.6";"2016-01-24T09:55:47.3000000";"";""
"17";"Veronica Berget";"Doseth";"F";"NOR";"Dombås IL";"NC Sprint";"K17";"NC";"17:29.9";"00:17:29.900";"17:29.9";"1";"12";"1:13.2";"28";"1:47.3";"28";"1:47.3";"2016-01-24T09:53:11.0000000";"";""
"5";"Sara Holm";"Lægreid";"F";"NOR";"Bærums Skiklub / Wang Toppidrett";"NC Sprint";"K17";"NC";"17:35.9";"00:17:35.900";"17:35.9";"1";"13";"1:19.2";"33";"1:53.3";"33";"1:53.3";"2016-01-24T09:49:16.6000000";"";""
"20";"Ingrid Kristine";"Wright-Hagen";"F";"NOR";"Åsnes Skiskytterlag / NTG Lillehammer";"NC Sprint";"K17";"NC";"17:41.5";"00:17:41.500";"17:41.5";"1";"14";"1:24.8";"36";"1:58.9";"36";"1:58.9";"2016-01-24T09:54:22.2000000";"";""
"16";"Maria Munch";"Starheim";"F";"NOR";"Stårheim IL";"NC Sprint";"K17";"NC";"17:42.8";"00:17:42.800";"17:42.8";"1";"15";"1:26.1";"37";"2:00.2";"37";"2:00.2";"2016-01-24T09:53:03.9000000";"";""
"3";"Kristin";"Mestad";"F";"NOR";"Torridal IL / Sirdal Ski Skiskyting";"NC Sprint";"K17";"NC";"17:45.0";"00:17:45.000";"17:45.0";"1";"16";"1:28.3";"38";"2:02.4";"39";"2:02.4";"2016-01-24T09:48:45.7000000";"";""
"29";"Martine";"Lundby";"F";"NOR";"Østre Toten Skilag";"NC Sprint";"K17";"NC";"17:56.0";"00:17:56.000";"17:56.0";"1";"17";"1:39.3";"42";"2:13.4";"46";"2:13.4";"2016-01-24T09:57:36.7000000";"";""
"18";"Cornelia Zachariassen";"Rørvik";"F";"NOR";"Sandnes Skiskytterlag / Sirdal Ski Skiskyting";"NC Sprint";"K17";"NC";"17:56.5";"00:17:56.500";"17:56.5";"1";"18";"1:39.8";"43";"2:13.9";"47";"2:13.9";"2016-01-24T09:53:57.0000000";"";""
"12";"Ingrid";"Nordbotten";"F";"NOR";"Sandnes Skiskytterlag / Sirdal Ski Skiskyting";"NC Sprint";"K17";"NC";"18:11.2";"00:18:11.200";"18:11.2";"1";"19";"1:54.5";"47";"2:28.6";"51";"2:28.6";"2016-01-24T09:52:11.9000000";"";""
"35";"Siri";"Aas";"F";"NOR";"Birkenes IL / Sirdal Ski Skiskyting";"NC Sprint";"K17";"NC";"18:11.4";"00:18:11.400";"18:11.4";"1";"20";"1:54.7";"48";"2:28.8";"52";"2:28.8";"2016-01-24T09:59:52.3000000";"";""
"39";"Marte Lien";"Johnsen";"F";"NOR";"Byåsen Skiskytterlag / Heimdal VGS";"NC Sprint";"K17";"NC";"18:11.6";"00:18:11.600";"18:11.6";"1";"21";"1:54.9";"49";"2:29.0";"53";"2:29.0";"2016-01-24T10:01:12.3000000";"";""
"21";"Andrine Øverland";"Hatling";"F";"NOR";"Fana IL / NTG Geilo";"NC Sprint";"K17";"NC";"18:22.0";"00:18:22.000";"18:22.0";"1";"22";"2:05.3";"52";"2:39.4";"60";"2:39.4";"2016-01-24T09:55:22.1000000";"";""
"28";"Tuva Eilevsdotter";"Sørbøen";"F";"NOR";"Ål Skiskyttarlag / Sirdal Ski Skiskyting";"NC Sprint";"K17";"NC";"18:33.5";"00:18:33.500";"18:33.5";"1";"23";"2:16.8";"56";"2:50.9";"66";"2:50.9";"2016-01-24T09:57:54.2000000";"";""
"38";"Guro Hennissen";"Hermann";"F";"NOR";"Stiklestad IL / Steinkjer Videregående Skole";"NC Sprint";"K17";"NC";"18:35.0";"00:18:35.000";"18:35.0";"1";"24";"2:18.3";"57";"2:52.4";"67";"2:52.4";"2016-01-24T10:01:15.9000000";"";""
"31";"Stine";"Myhre";"F";"NOR";"Østre Toten Skilag";"NC Sprint";"K17";"NC";"18:55.0";"00:18:55.000";"18:55.0";"1";"25";"2:38.3";"60";"3:12.4";"80";"3:12.4";"2016-01-24T09:59:15.7000000";"";""
"4";"Tora Eid";"Løvås";"F";"NOR";"Trondhjems Skiskyttere / Heimdal VGS";"NC Sprint";"K17";"NC";"18:58.3";"00:18:58.300";"18:58.3";"1";"26";"2:41.6";"61";"3:15.7";"84";"3:15.7";"2016-01-24T09:50:18.9000000";"";""
"33";"Ingrid Stølan";"Husøy";"F";"NOR";"Molde og Omegn IF";"NC Sprint";"K17";"NC";"19:10.2";"00:19:10.200";"19:10.2";"1";"27";"2:53.5";"66";"3:27.6";"99";"3:27.6";"2016-01-24T10:00:11.5000000";"";""
"34";"Nora Landerud";"Svingen";"F";"NOR";"Svene IL / NTG Geilo";"NC Sprint";"K17";"NC";"19:12.1";"00:19:12.100";"19:12.1";"1";"28";"2:55.4";"67";"3:29.5";"102";"3:29.5";"2016-01-24T10:00:33.1000000";"";""
"32";"Tonje Bruem";"Reistad";"F";"NOR";"Stiklestad IL / Steinkjer Videregående Skole";"NC Sprint";"K17";"NC";"19:48.0";"00:19:48.000";"19:48.0";"1";"29";"3:31.3";"74";"4:05.4";"133";"4:05.4";"2016-01-24T10:00:28.8000000";"";""
"2";"Randine";"Nes";"F";"NOR";"Fana IL / Team Glalaks";"NC Sprint";"K17";"NC";"20:12.7";"00:20:12.700";"20:12.7";"1";"30";"3:56.0";"80";"4:30.1";"151";"4:30.1";"2016-01-24T09:50:53.6000000";"";""
"27";"Rikke Hjelseth";"Larsen";"F";"NOR";"IL Bevern / Team Kongsberg";"NC Sprint";"K17";"NC";"20:19.0";"00:20:19.000";"20:19.0";"1";"31";"4:02.3";"81";"4:36.4";"154";"4:36.4";"2016-01-24T09:59:20.0000000";"";""
"30";"Mari Skjevling";"Erlandsen";"F";"NOR";"Hønefoss Skiskytterklubb / Team Skiguard Buskerud";"NC Sprint";"K17";"NC";"20:30.7";"00:20:30.700";"20:30.7";"1";"32";"4:14.0";"85";"4:48.1";"163";"4:48.1";"2016-01-24T10:00:31.8000000";"";""
"11";"Andrine";"Green";"F";"NOR";"Stiklestad IL / Steinkjer Videregående Skole";"NC Sprint";"K17";"NC";"20:41.8";"00:20:41.800";"20:41.8";"1";"33";"4:25.1";"89";"4:59.2";"179";"4:59.2";"2016-01-24T09:54:22.2000000";"";""
"6";"Ingri";"Hovland";"F";"NOR";"Hålandsdal IL / Team Glalaks";"NC Sprint";"K17";"NC";"DNF";"00:00:00.000";"DNF";"1";"34";"";"128";"";"398";"";"";"";""
"40";"Malin";"Jøranli";"F";"NOR";"Nordre Land IL / Team Valdres Ski";"NC Sprint";"K17";"NC";"DNF";"00:08:28.200";"DNF";"1";"35";"";"129";"";"399";"";"";"";""
"61";"Randi Sollid";"Nordvang";"F";"NOR";"Vik IL / NTG Lillehammer";"NC Sprint";"K18";"NC";"15:42.6";"00:15:42.600";"15:42.6";"1";"1";"0:00.0";"1";"0:00.0";"1";"0:00.0";"2016-01-24T10:06:03.3000000";"";""
"66";"Marte Løvaas";"Søvik";"F";"NOR";"Trondhjems Skiskyttere / Heimdal VGS";"NC Sprint";"K18";"NC";"16:12.5";"00:16:12.500";"16:12.5";"1";"2";"0:29.9";"4";"0:29.9";"4";"0:29.9";"2016-01-24T10:08:13.0000000";"";""
"49";"Kristiane";"HOLM";"F";"NOR";"Simostranda IL / NTG Geilo";"NC Sprint";"K18";"NC";"16:26.5";"00:16:26.500";"16:26.5";"1";"3";"0:43.9";"7";"0:43.9";"7";"0:43.9";"2016-01-24T10:02:47.1000000";"";""
"68";"Ane Einbu";"Baugerød";"F";"NOR";"IL Bevern / NTG Lillehammer";"NC Sprint";"K18";"NC";"16:57.0";"00:16:57.000";"16:57.0";"1";"4";"1:14.4";"13";"1:14.4";"13";"1:14.4";"2016-01-24T10:09:37.3000000";"";""
"56";"Yngvild";"Brandt";"F";"NOR";"Stiklestad IL / Meråker Videregående skole";"NC Sprint";"K18";"NC";"17:00.2";"00:17:00.200";"17:00.2";"1";"5";"1:17.6";"15";"1:17.6";"15";"1:17.6";"2016-01-24T10:05:40.7000000";"";""
"47";"Hilvi Emerense";"HAMAR";"F";"NOR";"Byåsen Skiskytterlag";"NC Sprint";"K18";"NC";"17:18.6";"00:17:18.600";"17:18.6";"1";"6";"1:36.0";"23";"1:36.0";"23";"1:36.0";"2016-01-24T10:02:59.6000000";"";""
"50";"Synne Findal";"Skar";"F";"NOR";"";"NC Sprint";"K18";"NC";"17:23.8";"00:17:23.800";"17:23.8";"1";"7";"1:41.2";"24";"1:41.2";"24";"1:41.2";"2016-01-24T10:04:05.0000000";"";""
"60";"Ine";"Skjellum";"F";"NOR";"Søndre Ål Sportsklubb / Team Lygna skiskyting";"NC Sprint";"K18";"NC";"17:28.5";"00:17:28.500";"17:28.5";"1";"8";"1:45.9";"27";"1:45.9";"27";"1:45.9";"2016-01-24T10:07:29.7000000";"";""
"43";"Marit Ishol";"Skogan";"F";"NOR";"Steinkjer SK / Steinkjer Videregående Skole";"NC Sprint";"K18";"NC";"17:34.7";"00:17:34.700";"17:34.7";"1";"9";"1:52.1";"32";"1:52.1";"32";"1:52.1";"2016-01-24T10:01:55.1000000";"";""
"69";"Mari";"Wetterhus";"F";"NOR";"Svene IL / NTG Lillehammer";"NC Sprint";"K18";"NC";"17:40.9";"00:17:40.900";"17:40.9";"1";"10";"1:58.3";"34";"1:58.3";"34";"1:58.3";"2016-01-24T10:10:41.9000000";"";""
"52";"Silje";"Fosse";"F";"NOR";"Voss Skiskytterlag / Team Glalaks";"NC Sprint";"K18";"NC";"17:48.5";"00:17:48.500";"17:48.5";"1";"11";"2:05.9";"39";"2:05.9";"40";"2:05.9";"2016-01-24T10:05:09.3000000";"";""
"54";"Kristin";"SANDE";"F";"NOR";"Kvam Langrenn- og Skiskyttarklubb / NTG Geilo";"NC Sprint";"K18";"NC";"17:53.2";"00:17:53.200";"17:53.2";"1";"12";"2:10.6";"40";"2:10.6";"42";"2:10.6";"2016-01-24T10:05:53.9000000";"";""
"51";"Line";"Sølberg";"F";"NOR";"Leik, IL / Heimdal VGS";"NC Sprint";"K18";"NC";"17:53.7";"00:17:53.700";"17:53.7";"1";"13";"2:11.1";"41";"2:11.1";"43";"2:11.1";"2016-01-24T10:04:54.6000000";"";""
"65";"Elise Skeide";"Bakke";"F";"NOR";"Eid IL";"NC Sprint";"K18";"NC";"18:08.6";"00:18:08.600";"18:08.6";"1";"14";"2:26.0";"45";"2:26.0";"49";"2:26.0";"2016-01-24T10:09:49.4000000";"";""
"64";"Vilde Aurora Gusevik";"Skotland";"F";"NOR";"Try, Idrettslaget / NTG Lillehammer";"NC Sprint";"K18";"NC";"18:14.0";"00:18:14.000";"18:14.0";"1";"15";"2:31.4";"50";"2:31.4";"54";"2:31.4";"2016-01-24T10:09:35.1000000";"";""
"44";"Stina";"Brattegard";"F";"NOR";"Ål Skiskyttarlag / NTG Geilo";"NC Sprint";"K18";"NC";"18:18.9";"00:18:18.900";"18:18.9";"1";"16";"2:36.3";"51";"2:36.3";"56";"2:36.3";"2016-01-24T10:02:59.6000000";"";""
"42";"Kristin";"Sandbæk";"F";"NOR";"Østre Toten Skilag / NTG Lillehammer";"NC Sprint";"K18";"NC";"18:26.2";"00:18:26.200";"18:26.2";"1";"17";"2:43.6";"53";"2:43.6";"61";"2:43.6";"2016-01-24T10:02:26.4000000";"";""
"55";"Emma";"STAVELI";"F";"NOR";"Orkdal IL / Meråker Videregående skole";"NC Sprint";"K18";"NC";"18:29.8";"00:18:29.800";"18:29.8";"1";"18";"2:47.2";"55";"2:47.2";"63";"2:47.2";"2016-01-24T10:06:50.8000000";"";""
"57";"Toril Bakka";"Nygård";"F";"NOR";"Haltdalen IL / Meråker Videregående skole";"NC Sprint";"K18";"NC";"18:36.8";"00:18:36.800";"18:36.8";"1";"19";"2:54.2";"58";"2:54.2";"68";"2:54.2";"2016-01-24T10:07:37.3000000";"";""
"46";"Johanna Fjerdingen";"Moan";"F";"NOR";"Røros IL";"NC Sprint";"K18";"NC";"18:39.2";"00:18:39.200";"18:39.2";"1";"20";"2:56.6";"59";"2:56.6";"70";"2:56.6";"2016-01-24T10:04:00.0000000";"";""
"67";"Berit";"Bjørkevoll";"F";"NOR";"Nittedal Skiskytterlag";"NC Sprint";"K18";"NC";"19:07.2";"00:19:07.200";"19:07.2";"1";"21";"3:24.6";"63";"3:24.6";"95";"3:24.6";"2016-01-24T10:11:28.0000000";"";""
"63";"Petrine Lande";"Koteng";"F";"NOR";"Fossum IF";"NC Sprint";"K18";"NC";"19:09.1";"00:19:09.100";"19:09.1";"1";"22";"3:26.5";"65";"3:26.5";"98";"3:26.5";"2016-01-24T10:10:09.6000000";"";""
"58";"Ingrid";"Gausemel";"F";"NOR";"Hornindal IL";"NC Sprint";"K18";"NC";"19:32.2";"00:19:32.200";"19:32.2";"1";"23";"3:49.6";"71";"3:49.6";"120";"3:49.6";"2016-01-24T10:08:52.5000000";"";""
"62";"Sofie Barmen";"Stein";"F";"NOR";"Fana IL / Team Glalaks";"NC Sprint";"K18";"NC";"19:56.7";"00:19:56.700";"19:56.7";"1";"24";"4:14.1";"75";"4:14.1";"140";"4:14.1";"2016-01-24T10:10:37.3000000";"";""
"53";"Bettina";"Storkås";"F";"NOR";"Øvrebø IL / Sirdal Ski Skiskyting";"NC Sprint";"K18";"NC";"20:10.0";"00:20:10.000";"20:10.0";"1";"25";"4:27.4";"79";"4:27.4";"149";"4:27.4";"2016-01-24T10:07:51.2000000";"";""
"48";"Eirin Marie";"Syvertsen";"F";"NOR";"Oslo Skiskytterlag";"NC Sprint";"K18";"NC";"24:43.0";"00:24:43.000";"24:43.0";"1";"26";"9:00.4";"123";"9:00.4";"326";"9:00.4";"2016-01-24T10:10:43.5000000";"";""
"212";"Kirsten Daae";"Wiig";"F";"NOR";"Ullensaker SK / NTG Lillehammer";"NC Sprint";"K19";"NC";"15:49.0";"00:15:49.000";"15:49.0";"1";"1";"0:00.0";"2";"0:06.4";"2";"0:06.4";"2016-01-24T10:56:29.6000000";"";""
"218";"Ida";"Lien";"F";"NOR";"Simostranda IL / NTG Geilo";"NC Sprint";"K19";"NC";"16:05.3";"00:16:05.300";"16:05.3";"1";"2";"0:16.3";"3";"0:22.7";"3";"0:22.7";"2016-01-24T10:58:46.2000000";"";""
"219";"Mathea";"Tofte";"F";"NOR";"Vingrom IL / NTG Lillehammer";"NC Sprint";"K19";"NC";"16:15.7";"00:16:15.700";"16:15.7";"1";"3";"0:26.7";"5";"0:33.1";"5";"0:33.1";"2016-01-24T10:59:16.0000000";"";""
"213";"Une Christiane Tronerud";"Kvelvane";"F";"NOR";"Voss Skiskytterlag / Team Glalaks";"NC Sprint";"K19";"NC";"16:34.6";"00:16:34.600";"16:34.6";"1";"4";"0:45.6";"9";"0:52.0";"9";"0:52.0";"2016-01-24T10:57:35.1000000";"";""
"229";"Hege";"Kittelsen";"F";"NOR";"Idrettslaget Dyre Vaa / Team TeVe";"NC Sprint";"K19";"NC";"16:56.2";"00:16:56.200";"16:56.2";"1";"5";"1:07.2";"11";"1:13.6";"11";"1:13.6";"2016-01-24T11:03:17.2000000";"";""
"216";"Stine Eggen";"Persson";"F";"NOR";"Vingrom IL / NTG Lillehammer";"NC Sprint";"K19";"NC";"16:56.8";"00:16:56.800";"16:56.8";"1";"6";"1:07.8";"12";"1:14.2";"12";"1:14.2";"2016-01-24T10:58:57.7000000";"";""
"217";"Sigrid Johannesen";"Livik";"F";"NOR";"Meråker Skiskytterklubb / Meråker Videregående skole";"NC Sprint";"K19";"NC";"17:17.7";"00:17:17.700";"17:17.7";"1";"7";"1:28.7";"22";"1:35.1";"22";"1:35.1";"2016-01-24T10:59:38.8000000";"";""
"234";"Nora Huken";"Mathiesen";"F";"NOR";"Ullensaker SK / NTG Lillehammer";"NC Sprint";"K19";"NC";"17:23.8";"00:17:23.800";"17:23.8";"1";"8";"1:34.8";"24";"1:41.2";"24";"1:41.2";"2016-01-24T11:05:24.7000000";"";""
"225";"Synne";"Flotten";"F";"NOR";"Oppdal IL / Meråker Videregående skole";"NC Sprint";"K19";"NC";"17:32.4";"00:17:32.400";"17:32.4";"1";"9";"1:43.4";"29";"1:49.8";"29";"1:49.8";"2016-01-24T11:02:33.0000000";"";""
"222";"Siri";"MOHOLTH";"F";"NOR";"IL Bevern / Team Skiguard Buskerud";"NC Sprint";"K19";"NC";"17:32.9";"00:17:32.900";"17:32.9";"1";"10";"1:43.9";"30";"1:50.3";"30";"1:50.3";"2016-01-24T11:01:33.4000000";"";""
"215";"Malin Auganæs";"Bergtun";"F";"NOR";"Kvam Langrenn- og Skiskyttarklubb / Team Glalaks";"NC Sprint";"K19";"NC";"17:34.4";"00:17:34.400";"17:34.4";"1";"11";"1:45.4";"31";"1:51.8";"31";"1:51.8";"2016-01-24T10:59:15.0000000";"";""
"228";"Ingrid";"Grue";"F";"NOR";"Kvikne IL";"NC Sprint";"K19";"NC";"17:41.4";"00:17:41.400";"17:41.4";"1";"12";"1:52.4";"35";"1:58.8";"35";"1:58.8";"2016-01-24T11:03:42.2000000";"";""
"224";"Silje";"Gløtheim";"F";"NOR";"Røros IL";"NC Sprint";"K19";"NC";"18:08.1";"00:18:08.100";"18:08.1";"1";"13";"2:19.1";"44";"2:25.5";"48";"2:25.5";"2016-01-24T11:02:48.6000000";"";""
"232";"Susanne";"Hemnes";"F";"NOR";"Sandnes Skiskytterlag / Sirdal Ski Skiskyting";"NC Sprint";"K19";"NC";"18:08.7";"00:18:08.700";"18:08.7";"1";"14";"2:19.7";"46";"2:26.1";"50";"2:26.1";"2016-01-24T11:05:30.1000000";"";""
"226";"Ann Vilde";"Kristensen";"F";"NOR";"Sandnes Skiskytterlag / Sirdal Ski Skiskyting";"NC Sprint";"K19";"NC";"18:28.8";"00:18:28.800";"18:28.8";"1";"15";"2:39.8";"54";"2:46.2";"62";"2:46.2";"2016-01-24T11:03:49.4000000";"";""
"214";"Marta Skrove";"Nossum";"F";"NOR";"Stiklestad IL / Steinkjer Videregående Skole";"NC Sprint";"K19";"NC";"19:03.8";"00:19:03.800";"19:03.8";"1";"16";"3:14.8";"62";"3:21.2";"91";"3:21.2";"2016-01-24T11:00:24.6000000";"";""
"230";"Marie Kvistad";"Vee";"F";"NOR";"Simostranda IL / Meråker Videregående skole";"NC Sprint";"K19";"NC";"19:08.0";"00:19:08.000";"19:08.0";"1";"17";"3:19.0";"64";"3:25.4";"96";"3:25.4";"2016-01-24T11:05:48.9000000";"";""
"227";"Lise";"Sundli";"F";"NOR";"Sokna IL";"NC Sprint";"K19";"NC";"19:13.3";"00:19:13.300";"19:13.3";"1";"18";"3:24.3";"68";"3:30.7";"105";"3:30.7";"2016-01-24T11:04:53.7000000";"";""
"211";"Malin";"Børdalen";"F";"NOR";"Hønefoss Skiskytterklubb / Team Skiguard Buskerud";"NC Sprint";"K19";"NC";"19:14.4";"00:19:14.400";"19:14.4";"1";"19";"3:25.4";"69";"3:31.8";"106";"3:31.8";"2016-01-24T10:59:34.8000000";"";""
"235";"Anne-Guro";"Bekken";"F";"NOR";"Kvikne IL";"NC Sprint";"K19";"NC";"19:23.4";"00:19:23.400";"19:23.4";"1";"20";"3:34.4";"70";"3:40.8";"111";"3:40.8";"2016-01-24T11:07:44.1000000";"";""
"221";"Anna Kristine";"Størseth";"F";"NOR";"Meråker Skiskytterklubb / Meråker Videregående skole";"NC Sprint";"K19";"NC";"19:32.9";"00:19:32.900";"19:32.9";"1";"21";"3:43.9";"72";"3:50.3";"122";"3:50.3";"2016-01-24T11:03:13.9000000";"";""
"220";"Silje Marie";"Hage";"F";"NOR";"Gjesdal Skiskytterlag / Sirdal Ski Skiskyting";"NC Sprint";"K19";"NC";"19:45.3";"00:19:45.300";"19:45.3";"1";"22";"3:56.3";"73";"4:02.7";"130";"4:02.7";"2016-01-24T11:03:05.7000000";"";""
"209";"Synne";"Nesse";"F";"NOR";"Fet SK";"NC Sprint";"K19";"NC";"20:31.2";"00:20:31.200";"20:31.2";"1";"23";"4:42.2";"86";"4:48.6";"164";"4:48.6";"2016-01-24T11:00:12.0000000";"";""
"210";"Emilie";"Melås";"F";"NOR";"Drangedal Idrettslag / Team TeVe";"NC Sprint";"K19";"NC";"20:34.0";"00:20:34.000";"20:34.0";"1";"24";"4:45.0";"88";"4:51.4";"170";"4:51.4";"2016-01-24T11:00:35.1000000";"";""
"231";"Hanne";"Bjørsvik";"F";"NOR";"Molde og Omegn IF";"NC Sprint";"K19";"NC";"20:50.9";"00:20:50.900";"20:50.9";"1";"25";"5:01.9";"93";"5:08.3";"190";"5:08.3";"2016-01-24T11:07:51.7000000";"";""
"233";"Tiril Emilie Ruud";"Bråten";"F";"NOR";"Fet SK";"NC Sprint";"K19";"NC";"20:52.6";"00:20:52.600";"20:52.6";"1";"26";"5:03.6";"94";"5:10.0";"193";"5:10.0";"2016-01-24T11:08:33.0000000";"";""
"223";"Julie";"Bjørken";"F";"NOR";"Stiklestad IL / Steinkjer Videregående Skole";"NC Sprint";"K19";"NC";"21:40.3";"00:21:40.300";"21:40.3";"1";"27";"5:51.3";"100";"5:57.7";"230";"5:57.7";"2016-01-24T11:06:01.0000000";"";""
"248";"Karoline Offigstad";"Knotten";"F";"NOR";"Vingrom IL";"NC Sprint";"K20-21";"NC";"20:07.7";"00:20:07.700";"20:07.7";"1";"1";"0:00.0";"78";"4:25.1";"148";"4:25.1";"2016-01-24T13:39:08.9000000";"";""
"251";"Hilde";"Eide";"F";"NOR";"Øystre Slidre SSL";"NC Sprint";"K20-21";"NC";"20:31.5";"00:20:31.500";"20:31.5";"1";"2";"0:23.8";"87";"4:48.9";"166";"4:48.9";"2016-01-24T13:40:32.2000000";"";""
"257";"Kristin Våga";"Fløttum";"F";"NOR";"Skaun IL / Heimdal VGS";"NC Sprint";"K20-21";"NC";"20:47.6";"00:20:47.600";"20:47.6";"1";"3";"0:39.9";"91";"5:05.0";"187";"5:05.0";"2016-01-24T13:42:48.2000000";"";""
"254";"Hedda Lundeberg";"Aas";"F";"NOR";"Bø Skiskyttarlag";"NC Sprint";"K20-21";"NC";"21:09.1";"00:21:09.100";"21:09.1";"1";"4";"1:01.4";"97";"5:26.5";"205";"5:26.5";"2016-01-24T13:42:10.2000000";"";""
"241";"Paula Friedericke";"Hartmann";"F";"NOR";"Lierne IL / Meråker Videregående skole";"NC Sprint";"K20-21";"NC";"21:26.7";"00:21:26.700";"21:26.7";"1";"5";"1:19.0";"99";"5:44.1";"222";"5:44.1";"2016-01-24T13:38:08.0000000";"";""
"262";"Katja Sha Voje";"Bjørnstad";"F";"NOR";"Oslo Skiskytterlag / Team Statkraft Oslofjord";"NC Sprint";"K20-21";"NC";"21:40.9";"00:21:40.900";"21:40.9";"1";"6";"1:33.2";"101";"5:58.3";"231";"5:58.3";"2016-01-24T13:45:21.7000000";"";""
"263";"Lotte";"Lie";"F";"NOR";"Skatval Skilag";"NC Sprint";"K20-21";"NC";"21:43.6";"00:21:43.600";"21:43.6";"1";"7";"1:35.9";"102";"6:01.0";"235";"6:01.0";"2016-01-24T13:45:44.1000000";"";""
"265";"Silja Fjærestad";"Hønsi";"F";"NOR";"Vik IL / Team Glalaks";"NC Sprint";"K20-21";"NC";"21:56.4";"00:21:56.400";"21:56.4";"1";"8";"1:48.7";"104";"6:13.8";"244";"6:13.8";"2016-01-24T13:46:36.8000000";"";""
"253";"Sara Ehrenpohl";"Sand (3427446)";"F";"NOR";"Byåsen Skiskytterlag";"NC Sprint";"K20-21";"NC";"21:56.6";"00:21:56.600";"21:56.6";"1";"9";"1:48.9";"105";"6:14.0";"245";"6:14.0";"2016-01-24T13:42:37.7000000";"";""
"258";"Silje";"Bakken";"F";"NOR";"Leik, IL";"NC Sprint";"K20-21";"NC";"21:58.7";"00:21:58.700";"21:58.7";"1";"10";"1:51.0";"106";"6:16.1";"246";"6:16.1";"2016-01-24T13:44:19.6000000";"";""
"242";"Frida Lovise";"Sørmo";"F";"NOR";"Bossmo & Ytteren IL / Team Troms & Finnmark";"NC Sprint";"K20-21";"NC";"22:04.7";"00:22:04.700";"22:04.7";"1";"11";"1:57.0";"107";"6:22.1";"248";"6:22.1";"2016-01-24T13:39:05.7000000";"";""
"261";"Anitra";"Vognild";"F";"NOR";"Bjerke IL Ski";"NC Sprint";"K20-21";"NC";"22:04.8";"00:22:04.800";"22:04.8";"1";"12";"1:57.1";"108";"6:22.2";"249";"6:22.2";"2016-01-24T13:45:25.7000000";"";""
"239";"Ida Emilie";"Herfoss";"F";"NOR";"Drangedal Idrettslag";"NC Sprint";"K20-21";"NC";"22:14.3";"00:22:14.300";"22:14.3";"1";"13";"2:06.6";"109";"6:31.7";"254";"6:31.7";"2016-01-24T13:38:15.4000000";"";""
"264";"Anne Katrine";"Tønset";"F";"NOR";"Røros IL";"NC Sprint";"K20-21";"NC";"22:16.4";"00:22:16.400";"22:16.4";"1";"14";"2:08.7";"111";"6:33.8";"257";"6:33.8";"2016-01-24T13:46:37.9000000";"";""
"252";"Ingvild";"Berlandstveit";"F";"NOR";"Hålandsdal IL / Team Glalaks";"NC Sprint";"K20-21";"NC";"22:17.4";"00:22:17.400";"22:17.4";"1";"15";"2:09.7";"112";"6:34.8";"259";"6:34.8";"2016-01-24T13:42:38.1000000";"";""
"256";"Mari";"Sverdrup";"F";"NOR";"Dombås IL";"NC Sprint";"K20-21";"NC";"22:29.6";"00:22:29.600";"22:29.6";"1";"16";"2:21.9";"114";"6:47.0";"266";"6:47.0";"2016-01-24T13:44:10.3000000";"";""
"259";"Jenny";"ENODD";"F";"NOR";"Budal IL / Team Statkraft Midt-Norge";"NC Sprint";"K20-21";"NC";"22:38.4";"00:22:38.400";"22:38.4";"1";"17";"2:30.7";"115";"6:55.8";"270";"6:55.8";"2016-01-24T13:45:19.2000000";"";""
"245";"Runa Simonsen";"Blix";"F";"NOR";"Tromsø Skiskytterlag";"NC Sprint";"K20-21";"NC";"22:45.9";"00:22:45.900";"22:45.9";"1";"18";"2:38.2";"116";"7:03.3";"271";"7:03.3";"2016-01-24T13:40:46.8000000";"";""
"266";"Christine Williksen";"Høiland";"F";"NOR";"Fossum IF / Team Statkraft Innlandet";"NC Sprint";"K20-21";"NC";"22:53.1";"00:22:53.100";"22:53.1";"1";"19";"2:45.4";"117";"7:10.5";"273";"7:10.5";"2016-01-24T13:47:53.7000000";"";""
"240";"Gunhild Viljugrein";"Stølen";"F";"NOR";"Bærums Skiklub / Team Statkraft Midt-Norge";"NC Sprint";"K20-21";"NC";"23:10.9";"00:23:10.900";"23:10.9";"1";"20";"3:03.2";"118";"7:28.3";"281";"7:28.3";"2016-01-24T13:39:31.8000000";"";""
"243";"Eirin Sangesland";"Tveit";"F";"NOR";"Øvrebø IL / Sirdal Ski Skiskyting";"NC Sprint";"K20-21";"NC";"23:19.9";"00:23:19.900";"23:19.9";"1";"21";"3:12.2";"119";"7:37.3";"283";"7:37.3";"2016-01-24T13:40:40.9000000";"";""
"260";"Mari Sollid";"EIDE";"F";"NOR";"Stårheim IL";"NC Sprint";"K20-21";"NC";"23:22.3";"00:23:22.300";"23:22.3";"1";"22";"3:14.6";"120";"7:39.7";"284";"7:39.7";"2016-01-24T13:46:22.9000000";"";""
"247";"Norunn Kvistad";"Dengerud";"F";"NOR";"Steinkjer SK";"NC Sprint";"K20-21";"NC";"23:36.3";"00:23:36.300";"23:36.3";"1";"23";"3:28.6";"121";"7:53.7";"293";"7:53.7";"2016-01-24T13:42:17.5000000";"";""
"249";"Aina Fossbakken";"Røsten";"F";"NOR";"Tynset IF";"NC Sprint";"K20-21";"NC";"24:02.9";"00:24:02.900";"24:02.9";"1";"24";"3:55.2";"122";"8:20.3";"311";"8:20.3";"2016-01-24T13:43:24.1000000";"";""
"244";"Anette";"Heldal";"F";"NOR";"Bødalen IF / Sirdal Ski Skiskyting";"NC Sprint";"K20-21";"NC";"24:59.7";"00:24:59.700";"24:59.7";"1";"25";"4:52.0";"124";"9:17.1";"335";"9:17.1";"2016-01-24T13:42:40.9000000";"";""
"250";"Mathilde";"Hustoft";"F";"NOR";"Asker SK";"NC Sprint";"K20-21";"NC";"25:07.0";"00:25:07.000";"25:07.0";"1";"26";"4:59.3";"125";"9:24.4";"339";"9:24.4";"2016-01-24T13:44:47.8000000";"";""
"246";"Inga Elise";"Vik";"F";"NOR";"Sunnylven IL";"NC Sprint";"K20-21";"NC";"25:07.4";"00:25:07.400";"25:07.4";"1";"27";"4:59.7";"126";"9:24.8";"340";"9:24.8";"2016-01-24T13:43:28.3000000";"";""
"237";"Marielle Holen";"Årevik";"F";"NOR";"";"NC Sprint";"K20-21";"NC";"25:15.4";"00:25:15.400";"25:15.4";"1";"28";"5:07.7";"127";"9:32.8";"347";"9:32.8";"2016-01-24T13:40:36.3000000";"";""
"446";"Martin";"Rui";"M";"NOR";"Froland IL / Sirdal Ski Skiskyting";"NC Sprint";"M Senior";"NC";"22:54.1";"00:22:54.100";"22:54.1";"1";"1";"0:00.0";"157";"5:10.3";"274";"7:11.5";"2016-01-24T14:47:54.9000000";"";""
"426";"Fredrik";"Gjesbakk";"M";"NOR";"Bossmo & Ytteren IL / Team Statkraft Midt-Norge";"NC Sprint";"M Senior";"NC";"22:54.2";"00:22:54.200";"22:54.2";"1";"2";"0:00.1";"158";"5:10.4";"275";"7:11.6";"2016-01-24T14:41:14.9000000";"";""
"428";"Bjarte";"Solvang";"M";"NOR";"Hålandsdal IL / Team Glalaks";"NC Sprint";"M Senior";"NC";"23:10.5";"00:23:10.500";"23:10.5";"1";"3";"0:16.4";"163";"5:26.7";"280";"7:27.9";"2016-01-24T14:42:11.3000000";"";""
"411";"Sondre Eriksen";"Hensema";"M";"NOR";"Bødalen IF / Team Statkraft Oslofjord";"NC Sprint";"M Senior";"NC";"23:24.1";"00:23:24.100";"23:24.1";"1";"4";"0:30.0";"166";"5:40.3";"286";"7:41.5";"2016-01-24T14:36:44.9000000";"";""
"422";"Kristian Andre";"AALERUD";"M";"NOR";"Bærums Skiklub / Team Holmenkollen";"NC Sprint";"M Senior";"NC";"23:24.2";"00:23:24.200";"23:24.2";"1";"5";"0:30.1";"167";"5:40.4";"287";"7:41.6";"2016-01-24T14:40:24.7000000";"";""
"443";"Fredrik Mack";"Rørvik";"M";"NOR";"Målselvs Skiskyttere / Team Statkraft Innlandet";"NC Sprint";"M Senior";"NC";"23:31.2";"00:23:31.200";"23:31.2";"1";"6";"0:37.1";"172";"5:47.4";"292";"7:48.6";"2016-01-24T14:47:31.8000000";"";""
"406";"Håkon";"Steimler";"M";"NOR";"Hernes IL / Team Natrudstilen";"NC Sprint";"M Senior";"NC";"23:38.3";"00:23:38.300";"23:38.3";"1";"7";"0:44.2";"175";"5:54.5";"296";"7:55.7";"2016-01-24T14:35:18.8000000";"";""
"444";"Martin";"LINDLAND";"M";"NOR";"Bødalen IF / Team Bardøla";"NC Sprint";"M Senior";"NC";"23:38.5";"00:23:38.500";"23:38.5";"1";"8";"0:44.4";"176";"5:54.7";"297";"7:55.9";"2016-01-24T14:47:59.3000000";"";""
"419";"Håkon";"Svaland";"M";"NOR";"Birkenes IL / Team Mesterbakeren";"NC Sprint";"M Senior";"NC";"23:43.0";"00:23:43.000";"23:43.0";"1";"9";"0:48.9";"179";"5:59.2";"300";"8:00.4";"2016-01-24T14:39:43.6000000";"";""
"448";"Per Buttingsrud";"Aas-Eng";"M";"NOR";"Vik IL";"NC Sprint";"M Senior";"NC";"23:44.4";"00:23:44.400";"23:44.4";"1";"10";"0:50.3";"180";"6:00.6";"301";"8:01.8";"2016-01-24T14:49:25.0000000";"";""
"415";"Øystein";"Ulekleiv";"M";"NOR";"Dombås IL";"NC Sprint";"M Senior";"NC";"23:45.8";"00:23:45.800";"23:45.8";"1";"11";"0:51.7";"181";"6:02.0";"302";"8:03.2";"2016-01-24T14:38:26.5000000";"";""
"416";"Andreas";"Kvam";"M";"NOR";"Meldal IL / Team Statkraft Innlandet";"NC Sprint";"M Senior";"NC";"23:46.6";"00:23:46.600";"23:46.6";"1";"12";"0:52.5";"183";"6:02.8";"304";"8:04.0";"2016-01-24T14:38:47.0000000";"";""
"435";"Vegard";"Skinnes";"M";"NOR";"Simostranda IL / Team Skiguard Buskerud";"NC Sprint";"M Senior";"NC";"23:49.0";"00:23:49.000";"23:49.0";"1";"13";"0:54.9";"184";"6:05.2";"305";"8:06.4";"2016-01-24T14:45:10.0000000";"";""
"412";"Amund Hoff";"Thomassen";"M";"NOR";"Sauda Skiskytterlag";"NC Sprint";"M Senior";"NC";"23:49.6";"00:23:49.600";"23:49.6";"1";"14";"0:55.5";"185";"6:05.8";"306";"8:07.0";"2016-01-24T14:37:30.2000000";"";""
"433";"Martin";"Femsteinevik";"M";"NOR";"Hålandsdal IL / Team Glalaks";"NC Sprint";"M Senior";"NC";"23:51.6";"00:23:51.600";"23:51.6";"1";"15";"0:57.5";"187";"6:07.8";"308";"8:09.0";"2016-01-24T14:44:32.4000000";"";""
"400";"Tommy";"GROETTE";"M";"NOR";"Trondhjems Skiskyttere / Team Statkraft Innlandet";"NC Sprint";"M Senior";"NC";"24:00.4";"00:24:00.400";"24:00.4";"1";"16";"1:06.3";"188";"6:16.6";"309";"8:17.8";"2016-01-24T14:33:41.2000000";"";""
"432";"Simon Ågheim";"Kalkenberg";"M";"NOR";"Skonseng UL";"NC Sprint";"M Senior";"NC";"24:10.0";"00:24:10.000";"24:10.0";"1";"17";"1:15.9";"190";"6:26.2";"312";"8:27.4";"2016-01-24T14:44:30.7000000";"";""
"410";"Aasmund Kjøllmoen";"Steien";"M";"NOR";"Folldal IF / Team Statkraft Innlandet";"NC Sprint";"M Senior";"NC";"24:17.3";"00:24:17.300";"24:17.3";"1";"18";"1:23.2";"194";"6:33.5";"316";"8:34.7";"2016-01-24T14:37:17.9000000";"";""
"438";"Pål Kristian Grue";"Tufte";"M";"NOR";"Geilo IL";"NC Sprint";"M Senior";"NC";"24:17.4";"00:24:17.400";"24:17.4";"1";"19";"1:23.3";"195";"6:33.6";"317";"8:34.8";"2016-01-24T14:46:38.0000000";"";""
"409";"Anders Trønsdal";"Lyngstad";"M";"NOR";"Inderøy IL / Team Skistua Hemsedal";"NC Sprint";"M Senior";"NC";"24:24.6";"00:24:24.600";"24:24.6";"1";"20";"1:30.5";"197";"6:40.8";"319";"8:42.0";"2016-01-24T14:37:04.9000000";"";""
"439";"Jarle Midthjell";"Gjørven";"M";"NOR";"Markane IL / Team Statkraft Innlandet";"NC Sprint";"M Senior";"NC";"24:26.0";"00:24:26.000";"24:26.0";"1";"21";"1:31.9";"198";"6:42.2";"320";"8:43.4";"2016-01-24T14:47:06.9000000";"";""
"441";"Henrik Sagosen";"SMEBY";"M";"NOR";"IL Bevern / Team Holmenkollen";"NC Sprint";"M Senior";"NC";"24:37.3";"00:24:37.300";"24:37.3";"1";"22";"1:43.2";"202";"6:53.5";"324";"8:54.7";"2016-01-24T14:47:57.9000000";"";""
"403";"Ole Johann Rødvik";"Kilskar";"M";"NOR";"Frol IL";"NC Sprint";"M Senior";"NC";"24:40.9";"00:24:40.900";"24:40.9";"1";"23";"1:46.8";"203";"6:57.1";"325";"8:58.3";"2016-01-24T14:35:21.5000000";"";""
"408";"Sigve Ness";"Rolland";"M";"NOR";"Tingvoll IL";"NC Sprint";"M Senior";"NC";"24:43.6";"00:24:43.600";"24:43.6";"1";"24";"1:49.5";"204";"6:59.8";"327";"9:01.0";"2016-01-24T14:37:03.9000000";"";""
"401";"Thomas Berge";"FOYN";"M";"NOR";"Bærums Skiklub / Team Holmenkollen";"NC Sprint";"M Senior";"NC";"24:44.7";"00:24:44.700";"24:44.7";"1";"25";"1:50.6";"205";"7:00.9";"328";"9:02.1";"2016-01-24T14:34:44.9000000";"";""
"421";"Ole Kristian";"Frydenlund";"M";"NOR";"Mjøsski / Team Natrudstilen";"NC Sprint";"M Senior";"NC";"24:45.1";"00:24:45.100";"24:45.1";"1";"26";"1:51.0";"206";"7:01.3";"329";"9:02.5";"2016-01-24T14:41:25.6000000";"";""
"413";"Espen Tronsmo";"Sonflå";"M";"NOR";"Meråker Skiskytterklubb / Team Skistua Hemsedal";"NC Sprint";"M Senior";"NC";"24:45.6";"00:24:45.600";"24:45.6";"1";"27";"1:51.5";"207";"7:01.8";"330";"9:03.0";"2016-01-24T14:38:46.5000000";"";""
"430";"Tommi";"Luchsinger";"M";"NOR";"IL Bevern";"NC Sprint";"M Senior";"NC";"24:59.6";"00:24:59.600";"24:59.6";"1";"28";"2:05.5";"211";"7:15.8";"334";"9:17.0";"2016-01-24T14:44:39.0000000";"";""
"420";"Bjarte";"Mørkve";"M";"NOR";"Eldar IL / Team Glalaks";"NC Sprint";"M Senior";"NC";"24:59.9";"00:24:59.900";"24:59.9";"1";"29";"2:05.8";"212";"7:16.1";"336";"9:17.3";"2016-01-24T14:41:20.9000000";"";""
"396";"Thomas";"Fenne";"M";"NOR";"Voss Skiskytterlag / Team Glalaks";"NC Sprint";"M Senior";"NC";"25:01.6";"00:25:01.600";"25:01.6";"1";"30";"2:07.5";"213";"7:17.8";"337";"9:19.0";"2016-01-24T14:33:22.3000000";"";""
"425";"Nils Christian";"Aabel";"M";"NOR";"Birkenes IL / Sirdal Ski Skiskyting";"NC Sprint";"M Senior";"NC";"25:07.8";"00:25:07.800";"25:07.8";"1";"31";"2:13.7";"215";"7:24.0";"341";"9:25.2";"2016-01-24T14:43:08.0000000";"";""
"429";"Jan-Erik";"Buskerud";"M";"NOR";"Simostranda IL / Team Holmenkollen";"NC Sprint";"M Senior";"NC";"25:11.5";"00:25:11.500";"25:11.5";"1";"32";"2:17.4";"217";"7:27.7";"343";"9:28.9";"2016-01-24T14:44:32.4000000";"";""
"399";"Håvard";"Nymoen";"M";"NOR";"Vik IL / Team Statkraft Midt-Norge";"NC Sprint";"M Senior";"NC";"25:20.7";"00:25:20.700";"25:20.7";"1";"33";"2:26.6";"224";"7:36.9";"351";"9:38.1";"2016-01-24T14:34:40.7000000";"";""
"404";"Joakim";"Andersen";"M";"NOR";"Asker SK";"NC Sprint";"M Senior";"NC";"25:29.2";"00:25:29.200";"25:29.2";"1";"34";"2:35.1";"227";"7:45.4";"354";"9:46.6";"2016-01-24T14:36:29.0000000";"";""
"424";"Johan Eirik";"Meland";"M";"NOR";"Markane IL / Team Skistua Hemsedal";"NC Sprint";"M Senior";"NC";"25:31.9";"00:25:31.900";"25:31.9";"1";"35";"2:37.8";"228";"7:48.1";"355";"9:49.3";"2016-01-24T14:43:12.2000000";"";""
"402";"Eirik";"FINNE";"M";"NOR";"Viking, TIF / Team Glalaks";"NC Sprint";"M Senior";"NC";"25:32.7";"00:25:32.700";"25:32.7";"1";"36";"2:38.6";"229";"7:48.9";"356";"9:50.1";"2016-01-24T14:35:52.3000000";"";""
"407";"Anders Magnus";"Bratli";"M";"NOR";"Fossum IF";"NC Sprint";"M Senior";"NC";"25:35.3";"00:25:35.300";"25:35.3";"1";"37";"2:41.2";"231";"7:51.5";"358";"9:52.7";"2016-01-24T14:37:36.2000000";"";""
"418";"Joar Grov";"Turvoll";"M";"NOR";"Vik IL / Team Glalaks";"NC Sprint";"M Senior";"NC";"25:36.7";"00:25:36.700";"25:36.7";"1";"38";"2:42.6";"232";"7:52.9";"359";"9:54.1";"2016-01-24T14:41:17.2000000";"";""
"398";"Magnar Kne";"Galåen";"M";"NOR";"Røros IL";"NC Sprint";"M Senior";"NC";"25:37.2";"00:25:37.200";"25:37.2";"1";"39";"2:43.1";"233";"7:53.4";"360";"9:54.6";"2016-01-24T14:34:38.2000000";"";""
"431";"Anders";"HELDAL";"M";"NOR";"Bødalen IF / Sirdal Ski Skiskyting";"NC Sprint";"M Senior";"NC";"25:46.6";"00:25:46.600";"25:46.6";"1";"40";"2:52.5";"237";"8:02.8";"364";"10:04.0";"2016-01-24T14:45:47.2000000";"";""
"417";"Elias Schirmer";"Raphael";"M";"NOR";"Meråker Skiskytterklubb";"NC Sprint";"M Senior";"NC";"25:51.3";"00:25:51.300";"25:51.3";"1";"41";"2:57.2";"239";"8:07.5";"366";"10:08.7";"2016-01-24T14:41:11.9000000";"";""
"445";"Marius Norø";"Ingebrigtsen";"M";"NOR";"Tromsø Skiskytterlag / Team Statkraft Innlandet";"NC Sprint";"M Senior";"NC";"25:56.3";"00:25:56.300";"25:56.3";"1";"42";"3:02.2";"241";"8:12.5";"368";"10:13.7";"2016-01-24T14:50:37.0000000";"";""
"436";"Kolbjørn";"Ulvund";"M";"NOR";"Eldar IL / Team Glalaks";"NC Sprint";"M Senior";"NC";"26:21.0";"00:26:21.000";"26:21.0";"1";"43";"3:26.9";"249";"8:37.2";"376";"10:38.4";"2016-01-24T14:48:01.7000000";"";""
"440";"Håkon Johannesen";"Livik";"M";"NOR";"Meråker Skiskytterklubb / Team Skistua Hemsedal";"NC Sprint";"M Senior";"NC";"26:24.7";"00:26:24.700";"26:24.7";"1";"44";"3:30.6";"252";"8:40.9";"379";"10:42.1";"2016-01-24T14:49:25.3000000";"";""
"437";"Sigurd";"HOV";"M";"NOR";"Svene IL / Team Natrudstilen";"NC Sprint";"M Senior";"NC";"26:41.2";"00:26:41.200";"26:41.2";"1";"45";"3:47.1";"256";"8:57.4";"383";"10:58.6";"2016-01-24T14:48:41.7000000";"";""
"423";"Syver";"Nygård";"M";"NOR";"Byåsen Skiskytterlag";"NC Sprint";"M Senior";"NC";"26:43.0";"00:26:43.000";"26:43.0";"1";"46";"3:48.9";"257";"8:59.2";"384";"11:00.4";"2016-01-24T14:44:03.8000000";"";""
"447";"Haakon Offigstad";"Knotten";"M";"NOR";"Vingrom IL / Team Natrudstilen";"NC Sprint";"M Senior";"NC";"27:06.5";"00:27:06.500";"27:06.5";"1";"47";"4:12.4";"261";"9:22.7";"388";"11:23.9";"2016-01-24T14:52:27.3000000";"";""
"414";"Sondre Kvikne";"DOTTERUD";"M";"NOR";"Vingrom IL / Team Bardøla";"NC Sprint";"M Senior";"NC";"27:08.1";"00:27:08.100";"27:08.1";"1";"48";"4:14.0";"262";"9:24.3";"389";"11:25.5";"2016-01-24T14:41:29.0000000";"";""
"118";"Filip Fjeld";"Andersen";"M";"NOR";"Geilo IL / NTG Geilo";"NC Sprint";"M17";"NC";"18:30.2";"00:18:30.200";"18:30.2";"1";"1";"0:00.0";"9";"0:46.4";"64";"2:47.6";"2016-01-24T10:27:50.9000000";"";""
"110";"Aksel Mathias";"Meland";"M";"NOR";"Markane IL";"NC Sprint";"M17";"NC";"18:59.9";"00:18:59.900";"18:59.9";"1";"2";"0:29.7";"25";"1:16.1";"86";"3:17.3";"2016-01-24T10:25:40.5000000";"";""
"139";"Odin";"Garli";"M";"NOR";"Sokna IL / NTG Lillehammer";"NC Sprint";"M17";"NC";"19:03.6";"00:19:03.600";"19:03.6";"1";"3";"0:33.4";"29";"1:19.8";"90";"3:21.0";"2016-01-24T10:35:24.4000000";"";""
"78";"Halvor Taalesen";"Tjøntveit";"M";"NOR";"Svene IL / NTG Geilo";"NC Sprint";"M17";"NC";"19:04.5";"00:19:04.500";"19:04.5";"1";"4";"0:34.3";"30";"1:20.7";"92";"3:21.9";"2016-01-24T10:15:04.7000000";"";""
"94";"Fredrik Arne";"Grusd";"M";"NOR";"Fossum IF / Wang Toppidrett";"NC Sprint";"M17";"NC";"19:06.7";"00:19:06.700";"19:06.7";"1";"5";"0:36.5";"32";"1:22.9";"94";"3:24.1";"2016-01-24T10:20:27.2000000";"";""
"102";"Peder";"Owren";"M";"NOR";"Vingrom IL / NTG Lillehammer";"NC Sprint";"M17";"NC";"19:30.2";"00:19:30.200";"19:30.2";"1";"6";"1:00.0";"46";"1:46.4";"116";"3:47.6";"2016-01-24T10:23:30.8000000";"";""
"79";"Daniel Olai";"Nyvoll";"M";"NOR";"Fossum IF / Wang Toppidrett";"NC Sprint";"M17";"NC";"19:30.7";"00:19:30.700";"19:30.7";"1";"7";"1:00.5";"47";"1:46.9";"117";"3:48.1";"2016-01-24T10:15:51.3000000";"";""
"120";"Trym Algarheim";"Tverås";"M";"NOR";"Fossum IF / Wang Toppidrett";"NC Sprint";"M17";"NC";"19:37.9";"00:19:37.900";"19:37.9";"1";"8";"1:07.7";"54";"1:54.1";"126";"3:55.3";"2016-01-24T10:29:38.4000000";"";""
"137";"Kristoffer";"Sørnes";"M";"NOR";"Lier IL / NTG Lillehammer";"NC Sprint";"M17";"NC";"19:42.5";"00:19:42.500";"19:42.5";"1";"9";"1:12.3";"55";"1:58.7";"127";"3:59.9";"2016-01-24T10:35:22.5000000";"";""
"97";"Eirik Kjøl";"Tornes";"M";"NOR";"Molde og Omegn IF / NTG Lillehammer";"NC Sprint";"M17";"NC";"19:49.9";"00:19:49.900";"19:49.9";"1";"10";"1:19.7";"61";"2:06.1";"135";"4:07.3";"2016-01-24T10:22:09.5000000";"";""
"107";"Hermann";"Stensby";"M";"NOR";"Hernes IL / Team Natrudstilen";"NC Sprint";"M17";"NC";"20:04.3";"00:20:04.300";"20:04.3";"1";"11";"1:34.1";"68";"2:20.5";"143";"4:21.7";"2016-01-24T10:25:45.1000000";"";""
"75";"Sander";"Østensen";"M";"NOR";"Østre Toten Skilag";"NC Sprint";"M17";"NC";"20:06.2";"00:20:06.200";"20:06.2";"1";"12";"1:36.0";"70";"2:22.4";"146";"4:23.6";"2016-01-24T10:15:07.0000000";"";""
"113";"Jo Brøste";"Nørstegård";"M";"NOR";"Dombås IL / NTG Lillehammer";"NC Sprint";"M17";"NC";"20:15.2";"00:20:15.200";"20:15.2";"1";"13";"1:45.0";"73";"2:31.4";"153";"4:32.6";"2016-01-24T10:27:56.3000000";"";""
"100";"Lars Hammernes";"Leopold";"M";"NOR";"Asker SK / NTG Geilo";"NC Sprint";"M17";"NC";"20:22.5";"00:20:22.500";"20:22.5";"1";"14";"1:52.3";"75";"2:38.7";"156";"4:39.9";"2016-01-24T10:23:43.2000000";"";""
"101";"Gard Reier";"Groven";"M";"NOR";"Simostranda IL / NTG Geilo";"NC Sprint";"M17";"NC";"20:30.5";"00:20:30.500";"20:30.5";"1";"15";"2:00.3";"78";"2:46.7";"162";"4:47.9";"2016-01-24T10:24:11.4000000";"";""
"86";"Sigurd Jerleif";"Beverfjord";"M";"NOR";"Tingvoll IL";"NC Sprint";"M17";"NC";"20:31.6";"00:20:31.600";"20:31.6";"1";"16";"2:01.4";"80";"2:47.8";"167";"4:49.0";"2016-01-24T10:19:12.3000000";"";""
"127";"Sindre";"Gjøsæter";"M";"NOR";"Kvam Langrenn- og Skiskyttarklubb / Team Glalaks";"NC Sprint";"M17";"NC";"20:38.3";"00:20:38.300";"20:38.3";"1";"17";"2:08.1";"85";"2:54.5";"173";"4:55.7";"2016-01-24T10:32:59.2000000";"";""
"72";"Sondre Nikolai";"Olsen";"M";"NOR";"Trondhjems Skiskyttere / Heimdal VGS";"NC Sprint";"M17";"NC";"20:38.6";"00:20:38.600";"20:38.6";"1";"18";"2:08.4";"86";"2:54.8";"174";"4:56.0";"2016-01-24T10:14:39.4000000";"";""
"135";"Håkon";"Frøseth";"M";"NOR";"Sokna IL / Meråker Videregående skole";"NC Sprint";"M17";"NC";"20:41.1";"00:20:41.100";"20:41.1";"1";"19";"2:10.9";"90";"2:57.3";"178";"4:58.5";"2016-01-24T10:35:41.9000000";"";""
"112";"Einar";"Ekeland";"M";"NOR";"Torridal IL";"NC Sprint";"M17";"NC";"20:42.6";"00:20:42.600";"20:42.6";"1";"20";"2:12.4";"91";"2:58.8";"180";"5:00.0";"2016-01-24T10:28:03.4000000";"";""
"90";"Sander Kulstad";"Haugen";"M";"NOR";"Østre Toten Skilag";"NC Sprint";"M17";"NC";"20:43.4";"00:20:43.400";"20:43.4";"1";"21";"2:13.2";"93";"2:59.6";"182";"5:00.8";"2016-01-24T10:20:44.4000000";"";""
"128";"Jonas Slettemark";"Juel";"M";"NOR";"Fossum IF / Wang Toppidrett";"NC Sprint";"M17";"NC";"20:46.3";"00:20:46.300";"20:46.3";"1";"22";"2:16.1";"95";"3:02.5";"185";"5:03.7";"2016-01-24T10:33:27.0000000";"";""
"124";"Sigurd";"TROEMBORG";"M";"NOR";"IL Bevern / Sirdal Ski Skiskyting";"NC Sprint";"M17";"NC";"20:53.4";"00:20:53.400";"20:53.4";"1";"23";"2:23.2";"100";"3:09.6";"194";"5:10.8";"2016-01-24T10:32:14.1000000";"";""
"125";"Sivert";"Bekken";"M";"NOR";"Kvikne IL";"NC Sprint";"M17";"NC";"20:55.4";"00:20:55.400";"20:55.4";"1";"24";"2:25.2";"102";"3:11.6";"196";"5:12.8";"2016-01-24T10:32:36.4000000";"";""
"123";"Magnus";"Mørk";"M";"NOR";"Ivrig IL / Team TeVe";"NC Sprint";"M17";"NC";"21:06.7";"00:21:06.700";"21:06.7";"1";"25";"2:36.5";"106";"3:22.9";"201";"5:24.1";"2016-01-24T10:32:07.0000000";"";""
"121";"Torjus";"Idland";"M";"NOR";"Figgjo IL / Sirdal Ski Skiskyting";"NC Sprint";"M17";"NC";"21:07.8";"00:21:07.800";"21:07.8";"1";"26";"2:37.6";"108";"3:24.0";"204";"5:25.2";"2016-01-24T10:31:28.9000000";"";""
"106";"Thor Arild";"Aas";"M";"NOR";"Birkenes IL";"NC Sprint";"M17";"NC";"21:11.9";"00:21:11.900";"21:11.9";"1";"27";"2:41.7";"110";"3:28.1";"207";"5:29.3";"2016-01-24T10:26:32.6000000";"";""
"134";"Magnus Raaum";"Langseth";"M";"NOR";"Østre Toten Skilag";"NC Sprint";"M17";"NC";"21:12.9";"00:21:12.900";"21:12.9";"1";"28";"2:42.7";"111";"3:29.1";"208";"5:30.3";"2016-01-24T10:35:53.8000000";"";""
"136";"Sivert";"Myrold";"M";"NOR";"Stårheim IL";"NC Sprint";"M17";"NC";"21:14.3";"00:21:14.300";"21:14.3";"1";"29";"2:44.1";"112";"3:30.5";"209";"5:31.7";"2016-01-24T10:36:35.2000000";"";""
"108";"Anders";"Usland";"M";"NOR";"Marnardal IL / Sirdal Videregående skole";"NC Sprint";"M17";"NC";"21:16.2";"00:21:16.200";"21:16.2";"1";"30";"2:46.0";"114";"3:32.4";"211";"5:33.6";"2016-01-24T10:27:16.8000000";"";""
"88";"Alexander";"Engebretsen";"M";"NOR";"Fossum IF";"NC Sprint";"M17";"NC";"21:19.8";"00:21:19.800";"21:19.8";"1";"31";"2:49.6";"116";"3:36.0";"213";"5:37.2";"2016-01-24T10:20:40.4000000";"";""
"87";"Emil";"Åberg";"M";"NOR";"Ivrig IL / Team TeVe";"NC Sprint";"M17";"NC";"21:23.3";"00:21:23.300";"21:23.3";"1";"32";"2:53.1";"121";"3:39.5";"219";"5:40.7";"2016-01-24T10:20:23.6000000";"";""
"98";"Sindre Davidsen";"Schonhowd";"M";"NOR";"Søndre Ål Sportsklubb / Team Lygna skiskyting";"NC Sprint";"M17";"NC";"21:28.7";"00:21:28.700";"21:28.7";"1";"33";"2:58.5";"124";"3:44.9";"223";"5:46.1";"2016-01-24T10:24:09.4000000";"";""
"80";"Tobias";"Hægeland";"M";"NOR";"Øvrebø IL";"NC Sprint";"M17";"NC";"21:28.8";"00:21:28.800";"21:28.8";"1";"34";"2:58.6";"125";"3:45.0";"224";"5:46.2";"2016-01-24T10:18:09.7000000";"";""
"132";"Sindre Vassdal";"Johannesen";"M";"NOR";"Hernes IL / Sirdal Ski Skiskyting";"NC Sprint";"M17";"NC";"21:30.1";"00:21:30.100";"21:30.1";"1";"35";"2:59.9";"126";"3:46.3";"225";"5:47.5";"2016-01-24T10:35:30.8000000";"";""
"71";"Trym";"Paulsen";"M";"NOR";"Bossmo & Ytteren IL";"NC Sprint";"M17";"NC";"21:31.5";"00:21:31.500";"21:31.5";"1";"36";"3:01.3";"127";"3:47.7";"226";"5:48.9";"2016-01-24T10:15:12.9000000";"";""
"138";"Halvor";"Skrindo";"M";"NOR";"Ål Skiskyttarlag / Sirdal Ski Skiskyting";"NC Sprint";"M17";"NC";"21:33.0";"00:21:33.000";"21:33.0";"1";"37";"3:02.8";"128";"3:49.2";"227";"5:50.4";"2016-01-24T10:37:33.8000000";"";""
"126";"Markus";"Grubben Sæthermoen";"M";"NOR";"Østre Toten Skilag";"NC Sprint";"M17";"NC";"21:35.5";"00:21:35.500";"21:35.5";"1";"38";"3:05.3";"129";"3:51.7";"228";"5:52.9";"2016-01-24T10:33:36.2000000";"";""
"92";"Anders";"RINGEN";"M";"NOR";"Bjerke IL Ski";"NC Sprint";"M17";"NC";"21:36.6";"00:21:36.600";"21:36.6";"1";"39";"3:06.4";"130";"3:52.8";"229";"5:54.0";"2016-01-24T10:22:17.4000000";"";""
"73";"Marius Tjelde";"Vaagen";"M";"NOR";"Molde og Omegn IF / Meråker Videregående skole";"NC Sprint";"M17";"NC";"21:42.4";"00:21:42.400";"21:42.4";"1";"40";"3:12.2";"132";"3:58.6";"233";"5:59.8";"2016-01-24T10:16:03.2000000";"";""
"114";"Even";"Mangset";"M";"NOR";"Mjøsski / Team Natrudstilen";"NC Sprint";"M17";"NC";"21:42.6";"00:21:42.600";"21:42.6";"1";"41";"3:12.4";"133";"3:58.8";"234";"6:00.0";"2016-01-24T10:29:43.1000000";"";""
"115";"Vegard";"Skrede";"M";"NOR";"Hardbagg IL / Stryn Videregående Skole";"NC Sprint";"M17";"NC";"21:43.9";"00:21:43.900";"21:43.9";"1";"42";"3:13.7";"134";"4:00.1";"236";"6:01.3";"2016-01-24T10:30:04.4000000";"";""
"93";"Mathias Hagen";"Bergheim";"M";"NOR";"Bærums Skiklub";"NC Sprint";"M17";"NC";"21:49.4";"00:21:49.400";"21:49.4";"1";"43";"3:19.2";"137";"4:05.6";"239";"6:06.8";"2016-01-24T10:22:50.3000000";"";""
"117";"Sander";"Bach-Gansmo";"M";"NOR";"Fossum IF / Wang Toppidrett";"NC Sprint";"M17";"NC";"21:50.8";"00:21:50.800";"21:50.8";"1";"44";"3:20.6";"138";"4:07.0";"240";"6:08.2";"2016-01-24T10:30:51.3000000";"";""
"116";"Tobias Tafjord";"Suhrke";"M";"NOR";"Ivrig IL / Team TeVe";"NC Sprint";"M17";"NC";"21:54.2";"00:21:54.200";"21:54.2";"1";"45";"3:24.0";"139";"4:10.4";"242";"6:11.6";"2016-01-24T10:30:35.0000000";"";""
"96";"Martin Øyen";"Tøraasen";"M";"NOR";"Folldal IF";"NC Sprint";"M17";"NC";"22:11.8";"00:22:11.800";"22:11.8";"1";"46";"3:41.6";"143";"4:28.0";"251";"6:29.2";"2016-01-24T10:24:12.9000000";"";""
"76";"Gaute";"Owren";"M";"NOR";"Vingrom IL";"NC Sprint";"M17";"NC";"22:16.1";"00:22:16.100";"22:16.1";"1";"47";"3:45.9";"146";"4:32.3";"256";"6:33.5";"2016-01-24T10:17:36.9000000";"";""
"109";"Vidar";"Brenna";"M";"NOR";"Skrautvål IL / Team Valdres Ski";"NC Sprint";"M17";"NC";"22:22.8";"00:22:22.800";"22:22.8";"1";"48";"3:52.6";"148";"4:39.0";"261";"6:40.2";"2016-01-24T10:28:43.6000000";"";""
"77";"Henrik Glede";"Hauge";"M";"NOR";"Fossum IF";"NC Sprint";"M17";"NC";"22:24.9";"00:22:24.900";"22:24.9";"1";"49";"3:54.7";"149";"4:41.1";"262";"6:42.3";"2016-01-24T10:18:05.1000000";"";""
"83";"Ragnar";"Finden";"M";"NOR";"Vik IL / Team Glalaks";"NC Sprint";"M17";"NC";"22:25.3";"00:22:25.300";"22:25.3";"1";"50";"3:55.1";"150";"4:41.5";"263";"6:42.7";"2016-01-24T10:20:06.3000000";"";""
"91";"Johannes Grann";"Vingelen";"M";"NOR";"Vik IL";"NC Sprint";"M17";"NC";"22:29.5";"00:22:29.500";"22:29.5";"1";"51";"3:59.3";"152";"4:45.7";"265";"6:46.9";"2016-01-24T10:22:50.3000000";"";""
"82";"Lavrans";"Sandsæter";"M";"NOR";"Vinne Skilag / Steinkjer Videregående Skole";"NC Sprint";"M17";"NC";"22:34.3";"00:22:34.300";"22:34.3";"1";"52";"4:04.1";"154";"4:50.5";"268";"6:51.7";"2016-01-24T10:19:54.9000000";"";""
"119";"Eirik Markus";"Rinde";"M";"NOR";"Vik IL / Team Glalaks";"NC Sprint";"M17";"NC";"22:35.5";"00:22:35.500";"22:35.5";"1";"53";"4:05.3";"155";"4:51.7";"269";"6:52.9";"2016-01-24T10:32:16.1000000";"";""
"131";"Håvard";"Haugen";"M";"NOR";"Tonstad IL / Sirdal Ski Skiskyting";"NC Sprint";"M17";"NC";"23:04.1";"00:23:04.100";"23:04.1";"1";"54";"4:33.9";"159";"5:20.3";"276";"7:21.5";"2016-01-24T10:36:44.5000000";"";""
"74";"Simen Mathias";"Risnes";"M";"NOR";"Tonstad IL / Sirdal Ski Skiskyting";"NC Sprint";"M17";"NC";"23:06.3";"00:23:06.300";"23:06.3";"1";"55";"4:36.1";"160";"5:22.5";"277";"7:23.7";"2016-01-24T10:17:47.3000000";"";""
"130";"Stian Strand";"Paulsen";"M";"NOR";"Bø Skiskyttarlag / Team TeVe";"NC Sprint";"M17";"NC";"23:22.8";"00:23:22.800";"23:22.8";"1";"56";"4:52.6";"165";"5:39.0";"285";"7:40.2";"2016-01-24T10:36:43.5000000";"";""
"105";"Jørgen";"Dalum";"M";"NOR";"Dombås IL";"NC Sprint";"M17";"NC";"23:28.5";"00:23:28.500";"23:28.5";"1";"57";"4:58.3";"170";"5:44.7";"290";"7:45.9";"2016-01-24T10:28:29.3000000";"";""
"99";"Martin";"Solberg";"M";"NOR";"Froland IL / Sirdal Ski Skiskyting";"NC Sprint";"M17";"NC";"23:28.5";"00:23:28.500";"23:28.5";"1";"57";"4:58.3";"170";"5:44.7";"290";"7:45.9";"2016-01-24T10:26:29.2000000";"";""
"103";"Caspar Friedrich";"Hartmann";"M";"NOR";"Lierne IL / Meråker Videregående skole";"NC Sprint";"M17";"NC";"23:50.9";"00:23:50.900";"23:50.9";"1";"59";"5:20.7";"186";"6:07.1";"307";"8:08.3";"2016-01-24T10:28:11.6000000";"";""
"81";"Håkon Fodstad";"Bredesen";"M";"NOR";"Østre Toten Skilag";"NC Sprint";"M17";"NC";"24:14.1";"00:24:14.100";"24:14.1";"1";"60";"5:43.9";"191";"6:30.3";"313";"8:31.5";"2016-01-24T10:21:14.6000000";"";""
"129";"Emil Andre";"Breivik";"M";"NOR";"IL Bevern / Team Kongsberg";"NC Sprint";"M17";"NC";"24:14.2";"00:24:14.200";"24:14.2";"1";"61";"5:44.0";"192";"6:30.4";"314";"8:31.6";"2016-01-24T10:37:14.7000000";"";""
"111";"Ole Christian";"JOHNSRUD";"M";"NOR";"Bjerke IL Ski / NTG Geilo";"NC Sprint";"M17";"NC";"24:28.2";"00:24:28.200";"24:28.2";"1";"62";"5:58.0";"199";"6:44.4";"321";"8:45.6";"2016-01-24T10:31:28.7000000";"";""
"85";"Kristian Lindh";"Aandahl";"M";"NOR";"IL Bevern / Team Kongsberg";"NC Sprint";"M17";"NC";"25:16.1";"00:25:16.100";"25:16.1";"1";"63";"6:45.9";"222";"7:32.3";"349";"9:33.5";"2016-01-24T10:23:36.8000000";"";""
"89";"Ola Martinius";"WINGESTAD";"M";"NOR";"Svene IL / Team Kongsberg";"NC Sprint";"M17";"NC";"DNF";"00:00:00.000";"DNF";"1";"64";"";"271";"";"400";"";"";"";""
"154";"Vebjørn";"Sørum";"M";"NOR";"Søndre Ål Sportsklubb / NTG Lillehammer";"NC Sprint";"M18";"NC";"17:55.8";"00:17:55.800";"17:55.8";"1";"1";"0:00.0";"4";"0:12.0";"45";"2:13.2";"2016-01-24T10:39:16.3000000";"";""
"166";"Fredrik";"Bucher-Johannessen";"M";"NOR";"Try, Idrettslaget / NTG Geilo";"NC Sprint";"M18";"NC";"18:17.3";"00:18:17.300";"18:17.3";"1";"2";"0:21.5";"5";"0:33.5";"55";"2:34.7";"2016-01-24T10:43:37.8000000";"";""
"203";"Mathias";"Skrede";"M";"NOR";"Geilo IL / NTG Geilo";"NC Sprint";"M18";"NC";"18:21.9";"00:18:21.900";"18:21.9";"1";"3";"0:26.1";"8";"0:38.1";"59";"2:39.3";"2016-01-24T10:56:02.4000000";"";""
"190";"Vegar Horneberg";"Selnæs";"M";"NOR";"Trondhjems Skiskyttere";"NC Sprint";"M18";"NC";"18:41.3";"00:18:41.300";"18:41.3";"1";"4";"0:45.5";"12";"0:57.5";"71";"2:58.7";"2016-01-24T10:52:01.7000000";"";""
"163";"Jørgen Brendengen";"Krogsæter";"M";"NOR";"Ullensaker SK / NTG Lillehammer";"NC Sprint";"M18";"NC";"18:42.0";"00:18:42.000";"18:42.0";"1";"5";"0:46.2";"13";"0:58.2";"72";"2:59.4";"2016-01-24T10:43:02.5000000";"";""
"171";"Sivert";"Borgen";"M";"NOR";"Stiklestad IL / Steinkjer Videregående Skole";"NC Sprint";"M18";"NC";"18:43.4";"00:18:43.400";"18:43.4";"1";"6";"0:47.6";"15";"0:59.6";"74";"3:00.8";"2016-01-24T10:45:44.1000000";"";""
"192";"Truls Fjellheim";"Jorde";"M";"NOR";"Asker SK / Team Holmenkollen";"NC Sprint";"M18";"NC";"18:51.4";"00:18:51.400";"18:51.4";"1";"7";"0:55.6";"18";"1:07.6";"77";"3:08.8";"2016-01-24T10:52:52.1000000";"";""
"141";"Eirik";"SANDNES";"M";"NOR";"Trondhjems Skiskyttere";"NC Sprint";"M18";"NC";"18:52.9";"00:18:52.900";"18:52.9";"1";"8";"0:57.1";"19";"1:09.1";"78";"3:10.3";"2016-01-24T10:35:53.0000000";"";""
"169";"Tobias";"Nyborg";"M";"NOR";"Voss Skiskytterlag / Team Glalaks";"NC Sprint";"M18";"NC";"18:55.9";"00:18:55.900";"18:55.9";"1";"9";"1:00.1";"22";"1:12.1";"82";"3:13.3";"2016-01-24T10:45:16.5000000";"";""
"201";"Øyvind Rikheim";"Haugan";"M";"NOR";"Try, Idrettslaget / NTG Geilo";"NC Sprint";"M18";"NC";"19:01.6";"00:19:01.600";"19:01.6";"1";"10";"1:05.8";"26";"1:17.8";"87";"3:19.0";"2016-01-24T10:56:02.4000000";"";""
"157";"Sivert Guttorm";"Bakken";"M";"NOR";"Vingrom IL / NTG Lillehammer";"NC Sprint";"M18";"NC";"19:01.9";"00:19:01.900";"19:01.9";"1";"11";"1:06.1";"27";"1:18.1";"88";"3:19.3";"2016-01-24T10:41:22.6000000";"";""
"196";"Øystein";"Markegård";"M";"NOR";"Geilo IL / NTG Geilo";"NC Sprint";"M18";"NC";"19:08.7";"00:19:08.700";"19:08.7";"1";"12";"1:12.9";"33";"1:24.9";"97";"3:26.1";"2016-01-24T10:54:29.4000000";"";""
"152";"Hågen";"Solbakken";"M";"NOR";"Sørskogbygda IL / Team Natrudstilen";"NC Sprint";"M18";"NC";"19:11.4";"00:19:11.400";"19:11.4";"1";"13";"1:15.6";"35";"1:27.6";"101";"3:28.8";"2016-01-24T10:39:52.2000000";"";""
"164";"Markus Maurtvedt";"Unneberg";"M";"NOR";"Ivrig IL / Team TeVe";"NC Sprint";"M18";"NC";"19:12.6";"00:19:12.600";"19:12.6";"1";"14";"1:16.8";"37";"1:28.8";"104";"3:30.0";"2016-01-24T10:43:53.5000000";"";""
"170";"Hans Kristian";"Sørum";"M";"NOR";"Mjøsski / NTG Lillehammer";"NC Sprint";"M18";"NC";"19:16.3";"00:19:16.300";"19:16.3";"1";"15";"1:20.5";"40";"1:32.5";"109";"3:33.7";"2016-01-24T10:45:56.8000000";"";""
"177";"Rasmus";"Krogstad";"M";"NOR";"Try, Idrettslaget / NTG Geilo";"NC Sprint";"M18";"NC";"19:17.8";"00:19:17.800";"19:17.8";"1";"16";"1:22.0";"41";"1:34.0";"110";"3:35.2";"2016-01-24T10:48:18.1000000";"";""
"153";"Øyvind Aalling";"Lio";"M";"NOR";"Bjerke IL Ski / NTG Geilo";"NC Sprint";"M18";"NC";"19:24.2";"00:19:24.200";"19:24.2";"1";"17";"1:28.4";"42";"1:40.4";"112";"3:41.6";"2016-01-24T10:40:23.0000000";"";""
"181";"Anders Sønsteby";"Flaagen";"M";"NOR";"Søndre Ål Sportsklubb / Team Lygna skiskyting";"NC Sprint";"M18";"NC";"19:31.8";"00:19:31.800";"19:31.8";"1";"18";"1:36.0";"48";"1:48.0";"118";"3:49.2";"2016-01-24T10:49:52.7000000";"";""
"179";"Halvor";"Eidissen";"M";"NOR";"Idrettslaget Dyre Vaa / Team TeVe";"NC Sprint";"M18";"NC";"19:34.4";"00:19:34.400";"19:34.4";"1";"19";"1:38.6";"51";"1:50.6";"123";"3:51.8";"2016-01-24T10:49:15.4000000";"";""
"146";"Håvard Kne";"Galåen";"M";"NOR";"Røros IL / Meråker Videregående skole";"NC Sprint";"M18";"NC";"19:44.5";"00:19:44.500";"19:44.5";"1";"20";"1:48.7";"57";"2:00.7";"129";"4:01.9";"2016-01-24T10:38:24.8000000";"";""
"197";"Benjamin Haukedal";"SKAAHEIM";"M";"NOR";"Skoppum IL / NTG Geilo";"NC Sprint";"M18";"NC";"19:46.1";"00:19:46.100";"19:46.1";"1";"21";"1:50.3";"58";"2:02.3";"131";"4:03.5";"2016-01-24T10:55:26.9000000";"";""
"167";"Iver Gjestvang";"Olimb";"M";"NOR";"Søndre Ål Sportsklubb / Team Lygna skiskyting";"NC Sprint";"M18";"NC";"19:47.6";"00:19:47.600";"19:47.6";"1";"22";"1:51.8";"59";"2:03.8";"132";"4:05.0";"2016-01-24T10:45:28.1000000";"";""
"194";"Jonas";"Bueie";"M";"NOR";"Lier IL / NTG Geilo";"NC Sprint";"M18";"NC";"19:48.2";"00:19:48.200";"19:48.2";"1";"23";"1:52.4";"60";"2:04.4";"134";"4:05.6";"2016-01-24T10:54:29.0000000";"";""
"161";"Maxim Andresen";"Tjøtta";"M";"NOR";"Fossum IF / Wang Toppidrett";"NC Sprint";"M18";"NC";"19:50.1";"00:19:50.100";"19:50.1";"1";"24";"1:54.3";"62";"2:06.3";"136";"4:07.5";"2016-01-24T10:43:30.8000000";"";""
"148";"Fredrik Aasen";"Strømsnes";"M";"NOR";"Lier IL / NTG Lillehammer";"NC Sprint";"M18";"NC";"19:50.7";"00:19:50.700";"19:50.7";"1";"25";"1:54.9";"63";"2:06.9";"137";"4:08.1";"2016-01-24T10:39:11.2000000";"";""
"143";"Vetle";"Skinnarland";"M";"NOR";"Bødalen IF / Sirdal Ski Skiskyting";"NC Sprint";"M18";"NC";"19:59.4";"00:19:59.400";"19:59.4";"1";"26";"2:03.6";"66";"2:15.6";"141";"4:16.8";"2016-01-24T10:37:39.8000000";"";""
"191";"Trym Helge";"CARLSEN";"M";"NOR";"Fana IL / Team Glalaks";"NC Sprint";"M18";"NC";"20:03.0";"00:20:03.000";"20:03.0";"1";"27";"2:07.2";"67";"2:19.2";"142";"4:20.4";"2016-01-24T10:53:43.5000000";"";""
"172";"Christian Brennhovd";"Bang";"M";"NOR";"Asker SK";"NC Sprint";"M18";"NC";"20:11.9";"00:20:11.900";"20:11.9";"1";"28";"2:16.1";"71";"2:28.1";"150";"4:29.3";"2016-01-24T10:47:32.7000000";"";""
"186";"Sondre";"Løset";"M";"NOR";"Tingvoll IL / Meråker Videregående skole";"NC Sprint";"M18";"NC";"20:14.8";"00:20:14.800";"20:14.8";"1";"29";"2:19.0";"72";"2:31.0";"152";"4:32.2";"2016-01-24T10:52:14.7000000";"";""
"147";"Simen Smetbak";"Eriksen";"M";"NOR";"Byåsen Skiskytterlag / Heimdal VGS";"NC Sprint";"M18";"NC";"20:23.6";"00:20:23.600";"20:23.6";"1";"30";"2:27.8";"77";"2:39.8";"158";"4:41.0";"2016-01-24T10:39:24.6000000";"";""
"189";"Embrik Nikolia Grann";"Hevrøy";"M";"NOR";"Try, Idrettslaget / NTG Geilo";"NC Sprint";"M18";"NC";"20:32.0";"00:20:32.000";"20:32.0";"1";"31";"2:36.2";"82";"2:48.2";"169";"4:49.4";"2016-01-24T10:53:32.7000000";"";""
"188";"Tarjei";"Tjørhom";"M";"NOR";"Sirdal Skilag / Sirdal Ski Skiskyting";"NC Sprint";"M18";"NC";"20:36.2";"00:20:36.200";"20:36.2";"1";"32";"2:40.4";"83";"2:52.4";"171";"4:53.6";"2016-01-24T10:53:17.0000000";"";""
"175";"Fredrik";"Nordby";"M";"NOR";"Fet SK / Meråker Videregående skole";"NC Sprint";"M18";"NC";"20:36.7";"00:20:36.700";"20:36.7";"1";"33";"2:40.9";"84";"2:52.9";"172";"4:54.1";"2016-01-24T10:48:57.2000000";"";""
"200";"Erlend";"Bakken";"M";"NOR";"Markane IL";"NC Sprint";"M18";"NC";"20:39.1";"00:20:39.100";"20:39.1";"1";"34";"2:43.3";"88";"2:55.3";"176";"4:56.5";"2016-01-24T10:57:20.2000000";"";""
"176";"Torje Usland";"Dahl";"M";"NOR";"Marnardal IL / Sirdal Videregående skole";"NC Sprint";"M18";"NC";"20:43.2";"00:20:43.200";"20:43.2";"1";"35";"2:47.4";"92";"2:59.4";"181";"5:00.6";"2016-01-24T10:49:24.0000000";"";""
"156";"Jonas";"Dahlen Nordal";"M";"NOR";"Hønefoss Skiskytterklubb / Team Skiguard Buskerud";"NC Sprint";"M18";"NC";"20:48.2";"00:20:48.200";"20:48.2";"1";"36";"2:52.4";"97";"3:04.4";"188";"5:05.6";"2016-01-24T10:42:49.1000000";"";""
"144";"Andre";"D'antoni";"M";"NOR";"Hønefoss Skiskytterklubb / Team Skiguard Buskerud";"NC Sprint";"M18";"NC";"20:52.3";"00:20:52.300";"20:52.3";"1";"37";"2:56.5";"98";"3:08.5";"191";"5:09.7";"2016-01-24T10:38:53.2000000";"";""
"206";"Einar Carlson";"Hegge";"M";"NOR";"Steinkjer SK";"NC Sprint";"M18";"NC";"20:52.3";"00:20:52.300";"20:52.3";"1";"37";"2:56.5";"98";"3:08.5";"191";"5:09.7";"2016-01-24T10:59:32.7000000";"";""
"145";"Brage";"BERGSMYR";"M";"NOR";"Trondhjems Skiskyttere / Heimdal VGS";"NC Sprint";"M18";"NC";"20:54.2";"00:20:54.200";"20:54.2";"1";"39";"2:58.4";"101";"3:10.4";"195";"5:11.6";"2016-01-24T10:39:14.8000000";"";""
"151";"Herman Grytbakk";"Tronsaune";"M";"NOR";"Røros IL";"NC Sprint";"M18";"NC";"21:03.0";"00:21:03.000";"21:03.0";"1";"40";"3:07.2";"104";"3:19.2";"199";"5:20.4";"2016-01-24T10:41:23.8000000";"";""
"178";"Lars-Erik";"Telseth";"M";"NOR";"Volda Turn og IL / Stryn Videregående Skole";"NC Sprint";"M18";"NC";"21:03.6";"00:21:03.600";"21:03.6";"1";"41";"3:07.8";"105";"3:19.8";"200";"5:21.0";"2016-01-24T10:50:24.5000000";"";""
"193";"Joakim";"Ekern";"M";"NOR";"Lørenskog SK";"NC Sprint";"M18";"NC";"21:07.2";"00:21:07.200";"21:07.2";"1";"42";"3:11.4";"107";"3:23.4";"203";"5:24.6";"2016-01-24T10:55:28.0000000";"";""
"180";"Njål Gunnar Paulsen";"Nicolaysen";"M";"NOR";"Oslo Skiskytterlag";"NC Sprint";"M18";"NC";"21:14.4";"00:21:14.400";"21:14.4";"1";"43";"3:18.6";"113";"3:30.6";"210";"5:31.8";"2016-01-24T10:51:15.3000000";"";""
"204";"Edvard";"Fjærtoft";"M";"NOR";"Steinkjer SK / Steinkjer Videregående Skole";"NC Sprint";"M18";"NC";"21:20.1";"00:21:20.100";"21:20.1";"1";"44";"3:24.3";"117";"3:36.3";"214";"5:37.5";"2016-01-24T10:59:20.5000000";"";""
"205";"Isak Nikolai";"Hopland";"M";"NOR";"Hardbagg IL";"NC Sprint";"M18";"NC";"21:23.6";"00:21:23.600";"21:23.6";"1";"45";"3:27.8";"122";"3:39.8";"220";"5:41.0";"2016-01-24T10:59:44.3000000";"";""
"198";"Jørgen Uglem";"Mobakken";"M";"NOR";"Oslo Skiskytterlag / Wang Toppidrett";"NC Sprint";"M18";"NC";"21:26.6";"00:21:26.600";"21:26.6";"1";"46";"3:30.8";"123";"3:42.8";"221";"5:44.0";"2016-01-24T10:57:27.3000000";"";""
"165";"Magnus Hole";"Mikalsen";"M";"NOR";"Sandnes Skiskytterlag / Sirdal Ski Skiskyting";"NC Sprint";"M18";"NC";"21:42.0";"00:21:42.000";"21:42.0";"1";"47";"3:46.2";"131";"3:58.2";"232";"5:59.4";"2016-01-24T10:46:42.6000000";"";""
"202";"Ola Nymoen";"Aas";"M";"NOR";"Røros IL";"NC Sprint";"M18";"NC";"21:43.9";"00:21:43.900";"21:43.9";"1";"48";"3:48.1";"134";"4:00.1";"236";"6:01.3";"2016-01-24T10:59:04.3000000";"";""
"173";"Håkon Midthjell";"Gjørven";"M";"NOR";"Markane IL";"NC Sprint";"M18";"NC";"21:44.2";"00:21:44.200";"21:44.2";"1";"49";"3:48.4";"136";"4:00.4";"238";"6:01.6";"2016-01-24T10:49:24.8000000";"";""
"174";"Arild";"Bentsen";"M";"NOR";"Fana IL / Team Glalaks";"NC Sprint";"M18";"NC";"21:55.7";"00:21:55.700";"21:55.7";"1";"50";"3:59.9";"140";"4:11.9";"243";"6:13.1";"2016-01-24T10:49:56.0000000";"";""
"159";"Emil Sebastian";"Konsmo";"M";"NOR";"Knaben og Fjotland IL / Sirdal Videregående skole";"NC Sprint";"M18";"NC";"22:02.1";"00:22:02.100";"22:02.1";"1";"51";"4:06.3";"141";"4:18.3";"247";"6:19.5";"2016-01-24T10:45:03.3000000";"";""
"162";"Magnus Gjersvold";"Haug";"M";"NOR";"Byåsen Skiskytterlag / Heimdal VGS";"NC Sprint";"M18";"NC";"22:14.1";"00:22:14.100";"22:14.1";"1";"52";"4:18.3";"145";"4:30.3";"253";"6:31.5";"2016-01-24T10:46:14.5000000";"";""
"142";"Magnus";"Birkeland";"M";"NOR";"Asker SK";"NC Sprint";"M18";"NC";"22:16.7";"00:22:16.700";"22:16.7";"1";"53";"4:20.9";"147";"4:32.9";"258";"6:34.1";"2016-01-24T10:39:36.9000000";"";""
"195";"Grim";"Nygård";"M";"NOR";"Markane IL";"NC Sprint";"M18";"NC";"22:25.6";"00:22:25.600";"22:25.6";"1";"54";"4:29.8";"151";"4:41.8";"264";"6:43.0";"2016-01-24T10:57:26.0000000";"";""
"155";"Trygve Bondhus";"Often";"M";"NOR";"Tynset IF";"NC Sprint";"M18";"NC";"22:29.6";"00:22:29.600";"22:29.6";"1";"55";"4:33.8";"153";"4:45.8";"266";"6:47.0";"2016-01-24T10:44:10.2000000";"";""
"182";"Kevin Alexander Beier";"Larsen";"M";"NOR";"Bødalen IF / Team Skiguard Buskerud";"NC Sprint";"M18";"NC";"23:26.4";"00:23:26.400";"23:26.4";"1";"56";"5:30.6";"168";"5:42.6";"288";"7:43.8";"2016-01-24T10:54:07.0000000";"";""
"150";"Odd Sindre";"Tonning";"M";"NOR";"Markane IL";"NC Sprint";"M18";"NC";"23:37.2";"00:23:37.200";"23:37.2";"1";"57";"5:41.4";"173";"5:53.4";"294";"7:54.6";"2016-01-24T10:43:37.9000000";"";""
"199";"Jarle Vegusdal";"Stølen";"M";"NOR";"Birkenes IL";"NC Sprint";"M18";"NC";"23:40.3";"00:23:40.300";"23:40.3";"1";"58";"5:44.5";"177";"5:56.5";"298";"7:57.7";"2016-01-24T11:00:01.1000000";"";""
"168";"Andreas";"Halsteinslid";"M";"NOR";"Markane IL";"NC Sprint";"M18";"NC";"24:00.9";"00:24:00.900";"24:00.9";"1";"59";"6:05.1";"189";"6:17.1";"310";"8:18.3";"2016-01-24T10:50:01.1000000";"";""
"185";"Jørgen";"Slydal";"M";"NOR";"Oslo Skiskytterlag";"NC Sprint";"M18";"NC";"24:28.7";"00:24:28.700";"24:28.7";"1";"60";"6:32.9";"200";"6:44.9";"322";"8:46.1";"2016-01-24T10:56:09.2000000";"";""
"207";"Magnus";"Aamlid";"M";"NOR";"Birkenes IL / Sirdal Videregående skole";"NC Sprint";"M18";"NC";"DNF";"00:00:00.000";"DNF";"1";"61";"";"270";"";"397";"";"";"";""
"332";"Sturla Holm";"Lægreid";"M";"NOR";"Bærums Skiklub / Wang Toppidrett";"NC Sprint";"M19";"NC";"17:43.8";"00:17:43.800";"17:43.8";"1";"1";"0:00.0";"1";"0:00.0";"38";"2:01.2";"2016-01-24T14:04:44.3000000";"";""
"305";"Karsten Storvik";"Martinussen";"M";"NOR";"Fossum IF / Wang Toppidrett";"NC Sprint";"M19";"NC";"17:48.7";"00:17:48.700";"17:48.7";"1";"2";"0:04.9";"2";"0:04.9";"41";"2:06.1";"2016-01-24T13:55:49.2000000";"";""
"329";"Vetle Årsvoll";"Undheim";"M";"NOR";"Figgjo IL / Sirdal Ski Skiskyting";"NC Sprint";"M19";"NC";"17:54.4";"00:17:54.400";"17:54.4";"1";"3";"0:10.6";"3";"0:10.6";"44";"2:11.8";"2016-01-24T14:03:54.4000000";"";""
"321";"Martin Bjørndalen";"Mathisen";"M";"NOR";"Simostranda IL / NTG Geilo";"NC Sprint";"M19";"NC";"18:19.5";"00:18:19.500";"18:19.5";"1";"4";"0:35.7";"6";"0:35.7";"57";"2:36.9";"2016-01-24T14:01:40.5000000";"";""
"326";"Bendik";"Winsvold";"M";"NOR";"Lier IL / NTG Lillehammer";"NC Sprint";"M19";"NC";"18:20.9";"00:18:20.900";"18:20.9";"1";"5";"0:37.1";"7";"0:37.1";"58";"2:38.3";"2016-01-24T14:03:21.5000000";"";""
"289";"Johannes";"Dale-Skjevdal";"M";"NOR";"Fet SK / NTG Geilo";"NC Sprint";"M19";"NC";"18:31.4";"00:18:31.400";"18:31.4";"1";"6";"0:47.6";"10";"0:47.6";"65";"2:48.8";"2016-01-24T13:51:12.1000000";"";""
"328";"Espen";"Uldal";"M";"NOR";"Birkenes IL / Sirdal Ski Skiskyting";"NC Sprint";"M19";"NC";"18:37.3";"00:18:37.300";"18:37.3";"1";"7";"0:53.5";"11";"0:53.5";"69";"2:54.7";"2016-01-24T14:04:17.1000000";"";""
"309";"Brage Reier";"Groven";"M";"NOR";"Drammen Strong / NTG Geilo";"NC Sprint";"M19";"NC";"18:43.3";"00:18:43.300";"18:43.3";"1";"8";"0:59.5";"14";"0:59.5";"73";"3:00.7";"2016-01-24T13:58:03.5000000";"";""
"337";"Kasper";"Lie";"M";"NOR";"Skatval Skilag / Meråker Videregående skole";"NC Sprint";"M19";"NC";"18:44.0";"00:18:44.000";"18:44.0";"1";"9";"1:00.2";"16";"1:00.2";"75";"3:01.4";"2016-01-24T14:07:24.4000000";"";""
"298";"Henning";"Driveklepp";"M";"NOR";"Nittedal Skiskytterlag";"NC Sprint";"M19";"NC";"18:50.0";"00:18:50.000";"18:50.0";"1";"10";"1:06.2";"17";"1:06.2";"76";"3:07.4";"2016-01-24T13:54:30.7000000";"";""
"300";"Lasse";"Virkesdal";"M";"NOR";"Vik IL / Team Glalaks";"NC Sprint";"M19";"NC";"18:54.6";"00:18:54.600";"18:54.6";"1";"11";"1:10.8";"20";"1:10.8";"79";"3:12.0";"2016-01-24T13:55:15.3000000";"";""
"319";"Adrian";"Fløttum";"M";"NOR";"Sokna IL / Meråker Videregående skole";"NC Sprint";"M19";"NC";"18:55.8";"00:18:55.800";"18:55.8";"1";"12";"1:12.0";"21";"1:12.0";"81";"3:13.2";"2016-01-24T14:01:36.4000000";"";""
"293";"Vetle";"Nergård";"M";"NOR";"Hernes IL / NTG Lillehammer";"NC Sprint";"M19";"NC";"18:56.7";"00:18:56.700";"18:56.7";"1";"13";"1:12.9";"23";"1:12.9";"83";"3:14.1";"2016-01-24T13:52:57.6000000";"";""
"304";"Tore";"Ruud";"M";"NOR";"Tingelstad Skiskytterklubb / Team Lygna skiskyting";"NC Sprint";"M19";"NC";"18:59.3";"00:18:59.300";"18:59.3";"1";"14";"1:15.5";"24";"1:15.5";"85";"3:16.7";"2016-01-24T13:56:39.8000000";"";""
"308";"Anders";"Sørløkk";"M";"NOR";"Skaun IL / Heimdal VGS";"NC Sprint";"M19";"NC";"19:03.5";"00:19:03.500";"19:03.5";"1";"15";"1:19.7";"28";"1:19.7";"89";"3:20.9";"2016-01-24T13:58:04.0000000";"";""
"336";"Sigbjørn-Martin";"Næss";"M";"NOR";"Trondhjems Skiskyttere / Heimdal VGS";"NC Sprint";"M19";"NC";"19:06.6";"00:19:06.600";"19:06.6";"1";"16";"1:22.8";"31";"1:22.8";"93";"3:24.0";"2016-01-24T14:07:27.4000000";"";""
"291";"Ole Kristian";"Haugen";"M";"NOR";"Trondhjems Skiskyttere / Heimdal VGS";"NC Sprint";"M19";"NC";"19:10.4";"00:19:10.400";"19:10.4";"1";"17";"1:26.6";"34";"1:26.6";"100";"3:27.8";"2016-01-24T13:52:31.0000000";"";""
"299";"Lars";"Reiten";"M";"NOR";"Birkenes IL / Sirdal Ski Skiskyting";"NC Sprint";"M19";"NC";"19:12.3";"00:19:12.300";"19:12.3";"1";"18";"1:28.5";"36";"1:28.5";"103";"3:29.7";"2016-01-24T13:55:12.8000000";"";""
"314";"Markus Ims";"Skåland";"M";"NOR";"Sandnes Skiskytterlag / Sirdal Ski Skiskyting";"NC Sprint";"M19";"NC";"19:14.8";"00:19:14.800";"19:14.8";"1";"19";"1:31.0";"38";"1:31.0";"107";"3:32.2";"2016-01-24T14:00:15.3000000";"";""
"322";"Nicolay Aas";"Lerkendal";"M";"NOR";"Nittedal Skiskytterlag";"NC Sprint";"M19";"NC";"19:15.5";"00:19:15.500";"19:15.5";"1";"20";"1:31.7";"39";"1:31.7";"108";"3:32.9";"2016-01-24T14:02:56.5000000";"";""
"338";"Jørgen";"Haugum";"M";"NOR";"Bærums Skiklub / NTG Geilo";"NC Sprint";"M19";"NC";"19:24.6";"00:19:24.600";"19:24.6";"1";"21";"1:40.8";"43";"1:40.8";"113";"3:42.0";"2016-01-24T14:08:25.1000000";"";""
"313";"Herman Mørkved";"Blom";"M";"NOR";"Nittedal Skiskytterlag";"NC Sprint";"M19";"NC";"19:26.0";"00:19:26.000";"19:26.0";"1";"22";"1:42.2";"44";"1:42.2";"114";"3:43.4";"2016-01-24T14:00:06.7000000";"";""
"307";"Torstein Wiiger";"Opsahl";"M";"NOR";"Lier IL / Wang Toppidrett";"NC Sprint";"M19";"NC";"19:28.2";"00:19:28.200";"19:28.2";"1";"23";"1:44.4";"45";"1:44.4";"115";"3:45.6";"2016-01-24T13:58:08.6000000";"";""
"302";"Lars Magnus";"Johnsen";"M";"NOR";"Tingelstad Skiskytterklubb / Team Lygna skiskyting";"NC Sprint";"M19";"NC";"19:32.1";"00:19:32.100";"19:32.1";"1";"24";"1:48.3";"49";"1:48.3";"119";"3:49.5";"2016-01-24T13:56:32.8000000";"";""
"297";"Mathias";"Stampe";"M";"NOR";"Fossum IF";"NC Sprint";"M19";"NC";"19:32.8";"00:19:32.800";"19:32.8";"1";"25";"1:49.0";"50";"1:49.0";"121";"3:50.2";"2016-01-24T13:54:53.6000000";"";""
"339";"Henrik Tordhol";"Sverdrup";"M";"NOR";"Dombås IL";"NC Sprint";"M19";"NC";"19:35.2";"00:19:35.200";"19:35.2";"1";"26";"1:51.4";"52";"1:51.4";"124";"3:52.6";"2016-01-24T14:08:55.6000000";"";""
"324";"Bjørn Haugo";"Herfindal";"M";"NOR";"Voss Skiskytterlag / Team Glalaks";"NC Sprint";"M19";"NC";"19:36.0";"00:19:36.000";"19:36.0";"1";"27";"1:52.2";"53";"1:52.2";"125";"3:53.4";"2016-01-24T14:03:56.5000000";"";""
"330";"Erlend";"Hokholt";"M";"NOR";"Oslo Skiskytterlag / NTG Lillehammer";"NC Sprint";"M19";"NC";"19:43.9";"00:19:43.900";"19:43.9";"1";"28";"2:00.1";"56";"2:00.1";"128";"4:01.3";"2016-01-24T14:06:04.6000000";"";""
"312";"Martin";"Fuglum";"M";"NOR";"Tynset IF";"NC Sprint";"M19";"NC";"19:54.5";"00:19:54.500";"19:54.5";"1";"29";"2:10.7";"64";"2:10.7";"138";"4:11.9";"2016-01-24T14:00:15.3000000";"";""
"315";"Sebastian Sundet";"Flaen";"M";"NOR";"Oslo Skiskytterlag";"NC Sprint";"M19";"NC";"19:56.6";"00:19:56.600";"19:56.6";"1";"30";"2:12.8";"65";"2:12.8";"139";"4:14.0";"2016-01-24T14:01:17.5000000";"";""
"292";"Torjus";"Fossli";"M";"NOR";"Fyresdal Skiskyttarlag / NTG Geilo";"NC Sprint";"M19";"NC";"20:05.5";"00:20:05.500";"20:05.5";"1";"31";"2:21.7";"69";"2:21.7";"145";"4:22.9";"2016-01-24T13:53:46.5000000";"";""
"317";"Eivind Syrdalen";"DOVLAND";"M";"NOR";"Fossum IF";"NC Sprint";"M19";"NC";"20:20.4";"00:20:20.400";"20:20.4";"1";"32";"2:36.6";"74";"2:36.6";"155";"4:37.8";"2016-01-24T14:02:20.9000000";"";""
"340";"Magnus Braathen";"Knoph";"M";"NOR";"Bærums Skiklub / Wang Toppidrett";"NC Sprint";"M19";"NC";"20:22.5";"00:20:22.500";"20:22.5";"1";"33";"2:38.7";"75";"2:38.7";"156";"4:39.9";"2016-01-24T14:10:03.2000000";"";""
"327";"Martin";"Steimler";"M";"NOR";"Hernes IL / NTG Lillehammer";"NC Sprint";"M19";"NC";"20:31.4";"00:20:31.400";"20:31.4";"1";"34";"2:47.6";"79";"2:47.6";"165";"4:48.8";"2016-01-24T14:05:52.3000000";"";""
"296";"Sigbjørn";"Edøy";"M";"NOR";"Tromsø Skiskytterlag / NTG Lillehammer";"NC Sprint";"M19";"NC";"20:31.8";"00:20:31.800";"20:31.8";"1";"35";"2:48.0";"81";"2:48.0";"168";"4:49.2";"2016-01-24T13:55:32.7000000";"";""
"323";"Sondre Estenstad";"Bjørsland";"M";"NOR";"Hernes IL / Meråker Videregående skole";"NC Sprint";"M19";"NC";"20:39.0";"00:20:39.000";"20:39.0";"1";"36";"2:55.2";"87";"2:55.2";"175";"4:56.4";"2016-01-24T14:04:39.3000000";"";""
"288";"Håkon";"Berge";"M";"NOR";"Sandnes Skiskytterlag / Sirdal Ski Skiskyting";"NC Sprint";"M19";"NC";"20:39.1";"00:20:39.100";"20:39.1";"1";"37";"2:55.3";"88";"2:55.3";"176";"4:56.5";"2016-01-24T13:53:00.1000000";"";""
"310";"Erlend Nordal";"Gran";"M";"NOR";"Bærums Skiklub";"NC Sprint";"M19";"NC";"20:44.9";"00:20:44.900";"20:44.9";"1";"38";"3:01.1";"94";"3:01.1";"184";"5:02.3";"2016-01-24T14:00:25.7000000";"";""
"325";"Martin Gjedrem";"LUND";"M";"NOR";"Orkdal IL";"NC Sprint";"M19";"NC";"20:46.9";"00:20:46.900";"20:46.9";"1";"39";"3:03.1";"96";"3:03.1";"186";"5:04.3";"2016-01-24T14:05:27.7000000";"";""
"334";"Sondre";"Steinbakken";"M";"NOR";"Hattfjelldal IL";"NC Sprint";"M19";"NC";"20:57.2";"00:20:57.200";"20:57.2";"1";"40";"3:13.4";"103";"3:13.4";"197";"5:14.6";"2016-01-24T14:08:37.9000000";"";""
"290";"Olav";"Breimyr Hansen";"M";"NOR";"Froland IL / Sirdal Ski Skiskyting";"NC Sprint";"M19";"NC";"21:10.0";"00:21:10.000";"21:10.0";"1";"41";"3:26.2";"109";"3:26.2";"206";"5:27.4";"2016-01-24T13:54:10.2000000";"";""
"320";"Gaute";"Bø";"M";"NOR";"Markane IL";"NC Sprint";"M19";"NC";"21:16.4";"00:21:16.400";"21:16.4";"1";"42";"3:32.6";"115";"3:32.6";"212";"5:33.8";"2016-01-24T14:04:17.1000000";"";""
"286";"John Olve";"Johnsen";"M";"NOR";"Tingelstad Skiskytterklubb / Team Lygna skiskyting";"NC Sprint";"M19";"NC";"21:20.2";"00:21:20.200";"21:20.2";"1";"43";"3:36.4";"118";"3:36.4";"215";"5:37.6";"2016-01-24T13:53:00.9000000";"";""
"333";"Eivind";"ROLSTAD";"M";"NOR";"Oslo Skiskytterlag";"NC Sprint";"M19";"NC";"21:20.2";"00:21:20.200";"21:20.2";"1";"43";"3:36.4";"118";"3:36.4";"215";"5:37.6";"2016-01-24T14:08:40.7000000";"";""
"295";"Nikolai";"FRYDENLUND";"M";"NOR";"Skonseng UL";"NC Sprint";"M19";"NC";"21:22.2";"00:21:22.200";"21:22.2";"1";"45";"3:38.4";"120";"3:38.4";"218";"5:39.6";"2016-01-24T13:56:03.4000000";"";""
"287";"Erik Midtvold";"Mæhlum";"M";"NOR";"Vingrom IL";"NC Sprint";"M19";"NC";"22:10.3";"00:22:10.300";"22:10.3";"1";"46";"4:26.5";"142";"4:26.5";"250";"6:27.7";"2016-01-24T13:54:10.7000000";"";""
"306";"Aksel Bjørnstad";"Koppang";"M";"NOR";"Bærums Skiklub";"NC Sprint";"M19";"NC";"22:12.5";"00:22:12.500";"22:12.5";"1";"47";"4:28.7";"144";"4:28.7";"252";"6:29.9";"2016-01-24T14:00:33.1000000";"";""
"311";"Philip Olav Farstad";"Kunz";"M";"NOR";"Oslo Skiskytterlag";"NC Sprint";"M19";"NC";"22:52.7";"00:22:52.700";"22:52.7";"1";"48";"5:08.9";"156";"5:08.9";"272";"7:10.1";"2016-01-24T14:02:53.7000000";"";""
"335";"Torgeir Grønningsæter";"Hauso";"M";"NOR";"Volda Turn og IL / Stryn Videregående Skole";"NC Sprint";"M19";"NC";"23:08.4";"00:23:08.400";"23:08.4";"1";"49";"5:24.6";"161";"5:24.6";"278";"7:25.8";"2016-01-24T14:11:08.8000000";"";""
"301";"Kjartan Love";"Ree";"M";"NOR";"Gjesdal Skiskytterlag / Sirdal Ski Skiskyting";"NC Sprint";"M19";"NC";"26:21.7";"00:26:21.700";"26:21.7";"1";"50";"8:37.9";"250";"8:37.9";"377";"10:39.1";"2016-01-24T14:03:01.7000000";"";""
"390";"Kristoffer";"Jonsson";"M";"NOR";"Vingrom IL / Team Bardøla";"NC Sprint";"M20-21";"NC";"23:10.4";"00:23:10.400";"23:10.4";"1";"1";"0:00.0";"162";"5:26.6";"279";"7:27.8";"2016-01-24T14:29:31.2000000";"";""
"385";"Sindre Fjellheim";"Jorde";"M";"NOR";"Asker SK / Team Holmenkollen";"NC Sprint";"M20-21";"NC";"23:17.7";"00:23:17.700";"23:17.7";"1";"2";"0:07.3";"164";"5:33.9";"282";"7:35.1";"2016-01-24T14:27:58.3000000";"";""
"349";"Lars Aasheim";"Svaland";"M";"NOR";"Birkenes IL";"NC Sprint";"M20-21";"NC";"23:28.0";"00:23:28.000";"23:28.0";"1";"3";"0:17.6";"169";"5:44.2";"289";"7:45.4";"2016-01-24T14:16:08.5000000";"";""
"351";"Georg Noer";"Dotzler";"M";"NOR";"Fossum IF / Team Statkraft Oslofjord";"NC Sprint";"M20-21";"NC";"23:37.8";"00:23:37.800";"23:37.8";"1";"4";"0:27.4";"174";"5:54.0";"295";"7:55.2";"2016-01-24T14:16:58.5000000";"";""
"347";"Even";"Nordbø";"M";"NOR";"Fyresdal Skiskyttarlag";"NC Sprint";"M20-21";"NC";"23:40.5";"00:23:40.500";"23:40.5";"1";"5";"0:30.1";"178";"5:56.7";"299";"7:57.9";"2016-01-24T14:15:40.7000000";"";""
"354";"Martin Lien";"Spjøtvold";"M";"NOR";"Trondhjems Skiskyttere / Heimdal VGS";"NC Sprint";"M20-21";"NC";"23:46.3";"00:23:46.300";"23:46.3";"1";"6";"0:35.9";"182";"6:02.5";"303";"8:03.7";"2016-01-24T14:18:07.0000000";"";""
"356";"Aleksander Morsund";"Karlsen";"M";"NOR";"Lier IL / Meråker Videregående skole";"NC Sprint";"M20-21";"NC";"24:16.2";"00:24:16.200";"24:16.2";"1";"7";"1:05.8";"193";"6:32.4";"315";"8:33.6";"2016-01-24T14:19:16.7000000";"";""
"342";"Endre";"WOLD";"M";"NOR";"Vik IL / Team Glalaks";"NC Sprint";"M20-21";"NC";"24:19.8";"00:24:19.800";"24:19.8";"1";"8";"1:09.4";"196";"6:36.0";"318";"8:37.2";"2016-01-24T14:14:40.4000000";"";""
"388";"Vetle";"Løchting";"M";"NOR";"Sørskogbygda IL / Team Natrudstilen";"NC Sprint";"M20-21";"NC";"24:32.6";"00:24:32.600";"24:32.6";"1";"9";"1:22.2";"201";"6:48.8";"323";"8:50.0";"2016-01-24T14:30:12.8000000";"";""
"360";"Sondre";"BOLLUM";"M";"NOR";"Gjøvik SK / Team Skistua Hemsedal";"NC Sprint";"M20-21";"NC";"24:51.9";"00:24:51.900";"24:51.9";"1";"10";"1:41.5";"208";"7:08.1";"331";"9:09.3";"2016-01-24T14:21:12.1000000";"";""
"378";"Steinar";"Valbø";"M";"NOR";"Drangedal Idrettslag / Team TeVe";"NC Sprint";"M20-21";"NC";"24:53.3";"00:24:53.300";"24:53.3";"1";"11";"1:42.9";"209";"7:09.5";"332";"9:10.7";"2016-01-24T14:27:14.2000000";"";""
"344";"Jon Nikolai Ims";"Skåland";"M";"NOR";"Sandnes Skiskytterlag / Sirdal Ski Skiskyting";"NC Sprint";"M20-21";"NC";"24:57.4";"00:24:57.400";"24:57.4";"1";"12";"1:47.0";"210";"7:13.6";"333";"9:14.8";"2016-01-24T14:15:58.3000000";"";""
"367";"Jakob";"Hanserud";"M";"NOR";"Asker SK";"NC Sprint";"M20-21";"NC";"25:06.8";"00:25:06.800";"25:06.8";"1";"13";"1:56.4";"214";"7:23.0";"338";"9:24.2";"2016-01-24T14:23:47.8000000";"";""
"371";"Leif Malvin";"HJELMEVOLL";"M";"NOR";"Voss Skiskytterlag / Team Glalaks";"NC Sprint";"M20-21";"NC";"25:09.6";"00:25:09.600";"25:09.6";"1";"14";"1:59.2";"216";"7:25.8";"342";"9:27.0";"2016-01-24T14:25:10.0000000";"";""
"383";"Thomas";"Storvik";"M";"NOR";"Bærums Skiklub / Team Statkraft Oslofjord";"NC Sprint";"M20-21";"NC";"25:11.5";"00:25:11.500";"25:11.5";"1";"15";"2:01.1";"217";"7:27.7";"343";"9:28.9";"2016-01-24T14:29:12.1000000";"";""
"361";"Stian Granheim";"Skåland";"M";"NOR";"Moi IL / Sirdal Ski Skiskyting";"NC Sprint";"M20-21";"NC";"25:13.2";"00:25:13.200";"25:13.2";"1";"16";"2:02.8";"219";"7:29.4";"345";"9:30.6";"2016-01-24T14:21:53.9000000";"";""
"366";"Brage Malm";"MONSTAD";"M";"NOR";"Lier IL / Team Bardøla";"NC Sprint";"M20-21";"NC";"25:14.5";"00:25:14.500";"25:14.5";"1";"17";"2:04.1";"220";"7:30.7";"346";"9:31.9";"2016-01-24T14:23:35.2000000";"";""
"384";"Hogne Findal";"Skar";"M";"NOR";"Sannidal Idrettslag";"NC Sprint";"M20-21";"NC";"25:15.5";"00:25:15.500";"25:15.5";"1";"18";"2:05.1";"221";"7:31.7";"348";"9:32.9";"2016-01-24T14:29:36.2000000";"";""
"365";"Sverre Ryland";"Glomnes";"M";"NOR";"Fet SK / Team Statkraft Oslofjord";"NC Sprint";"M20-21";"NC";"25:17.7";"00:25:17.700";"25:17.7";"1";"19";"2:07.3";"223";"7:33.9";"350";"9:35.1";"2016-01-24T14:23:18.4000000";"";""
"386";"Vegard";"Selvnes";"M";"NOR";"Orkdal IL / Team Statkraft Midt-Norge";"NC Sprint";"M20-21";"NC";"25:21.3";"00:25:21.300";"25:21.3";"1";"20";"2:10.9";"225";"7:37.5";"352";"9:38.7";"2016-01-24T14:30:22.3000000";"";""
"391";"Sindre";"Hirth";"M";"NOR";"Voss Skiskytterlag / Team Glalaks";"NC Sprint";"M20-21";"NC";"25:22.6";"00:25:22.600";"25:22.6";"1";"21";"2:12.2";"226";"7:38.8";"353";"9:40.0";"2016-01-24T14:32:03.4000000";"";""
"359";"Peder";"Hojem";"M";"NOR";"Stiklestad IL / Steinkjer Videregående Skole";"NC Sprint";"M20-21";"NC";"25:32.8";"00:25:32.800";"25:32.8";"1";"22";"2:22.4";"230";"7:49.0";"357";"9:50.2";"2016-01-24T14:21:34.0000000";"";""
"394";"Hans";"RUUD";"M";"NOR";"Tingelstad Skiskytterklubb / Team Lygna skiskyting";"NC Sprint";"M20-21";"NC";"25:38.7";"00:25:38.700";"25:38.7";"1";"23";"2:28.3";"234";"7:54.9";"361";"9:56.1";"2016-01-24T14:33:18.9000000";"";""
"387";"Espen Segrov";"NES";"M";"NOR";"Fana IL / Team Glalaks";"NC Sprint";"M20-21";"NC";"25:41.3";"00:25:41.300";"25:41.3";"1";"24";"2:30.9";"235";"7:57.5";"362";"9:58.7";"2016-01-24T14:31:01.8000000";"";""
"362";"Jens Bredde";"Vig";"M";"NOR";"Asker SK";"NC Sprint";"M20-21";"NC";"25:41.6";"00:25:41.600";"25:41.6";"1";"25";"2:31.2";"236";"7:57.8";"363";"9:59.0";"2016-01-24T14:22:42.5000000";"";""
"381";"Arild";"Fosse";"M";"NOR";"Voss Skiskytterlag";"NC Sprint";"M20-21";"NC";"25:49.8";"00:25:49.800";"25:49.8";"1";"26";"2:39.4";"238";"8:06.0";"365";"10:07.2";"2016-01-24T14:29:10.4000000";"";""
"382";"Markus Zachariassen";"Rørvik";"M";"NOR";"Sandnes Skiskytterlag / Sirdal Ski Skiskyting";"NC Sprint";"M20-21";"NC";"25:51.4";"00:25:51.400";"25:51.4";"1";"27";"2:41.0";"240";"8:07.6";"367";"10:08.8";"2016-01-24T14:29:32.5000000";"";""
"389";"Vegard Bruem";"Reistad";"M";"NOR";"Stiklestad IL";"NC Sprint";"M20-21";"NC";"25:58.8";"00:25:58.800";"25:58.8";"1";"28";"2:48.4";"242";"8:15.0";"369";"10:16.2";"2016-01-24T14:31:59.0000000";"";""
"376";"Håvard Nøkleby";"Petterson";"M";"NOR";"Østre Toten Skilag";"NC Sprint";"M20-21";"NC";"26:01.9";"00:26:01.900";"26:01.9";"1";"29";"2:51.5";"243";"8:18.1";"370";"10:19.3";"2016-01-24T14:27:42.8000000";"";""
"352";"Espen";"Fystro";"M";"NOR";"Vingrom IL / Team Bardøla";"NC Sprint";"M20-21";"NC";"26:03.0";"00:26:03.000";"26:03.0";"1";"30";"2:52.6";"244";"8:19.2";"371";"10:20.4";"2016-01-24T14:19:43.4000000";"";""
"374";"Amund";"Owren";"M";"NOR";"Vingrom IL / Team Skistua Hemsedal";"NC Sprint";"M20-21";"NC";"26:06.7";"00:26:06.700";"26:06.7";"1";"31";"2:56.3";"245";"8:22.9";"372";"10:24.1";"2016-01-24T14:27:07.6000000";"";""
"372";"Simen";"Kleven";"M";"NOR";"Simostranda IL / NTG Geilo";"NC Sprint";"M20-21";"NC";"26:13.4";"00:26:13.400";"26:13.4";"1";"32";"3:03.0";"246";"8:29.6";"373";"10:30.8";"2016-01-24T14:26:34.0000000";"";""
"346";"Øystein";"Nordbotten";"M";"NOR";"Sandnes Skiskytterlag / Sirdal Ski Skiskyting";"NC Sprint";"M20-21";"NC";"26:13.9";"00:26:13.900";"26:13.9";"1";"33";"3:03.5";"247";"8:30.1";"374";"10:31.3";"2016-01-24T14:17:54.8000000";"";""
"357";"Sondre Roesbak";"STROEMSOEYEN";"M";"NOR";"Tynset IF";"NC Sprint";"M20-21";"NC";"26:19.3";"00:26:19.300";"26:19.3";"1";"34";"3:08.9";"248";"8:35.5";"375";"10:36.7";"2016-01-24T14:21:40.2000000";"";""
"358";"Tobias Eid";"Løvås";"M";"NOR";"Trondhjems Skiskyttere";"NC Sprint";"M20-21";"NC";"26:21.9";"00:26:21.900";"26:21.9";"1";"35";"3:11.5";"251";"8:38.1";"378";"10:39.3";"2016-01-24T14:22:02.4000000";"";""
"370";"Øivind";"Klynderud";"M";"NOR";"Østre Toten Skilag / Meråker Videregående skole";"NC Sprint";"M20-21";"NC";"26:24.8";"00:26:24.800";"26:24.8";"1";"36";"3:14.4";"253";"8:41.0";"380";"10:42.2";"2016-01-24T14:26:05.6000000";"";""
"393";"Jens Petter";"Toresen";"M";"NOR";"Oslo Skiskytterlag";"NC Sprint";"M20-21";"NC";"26:28.8";"00:26:28.800";"26:28.8";"1";"37";"3:18.4";"254";"8:45.0";"381";"10:46.2";"2016-01-24T14:33:49.3000000";"";""
"375";"Magnus";"Håkonsen";"M";"NOR";"Bø Skiskyttarlag / Team TeVe";"NC Sprint";"M20-21";"NC";"26:37.1";"00:26:37.100";"26:37.1";"1";"38";"3:26.7";"255";"8:53.3";"382";"10:54.5";"2016-01-24T14:27:57.9000000";"";""
"353";"Espen";"Johnsen";"M";"NOR";"Knaben og Fjotland IL / Sirdal Ski Skiskyting";"NC Sprint";"M20-21";"NC";"26:46.3";"00:26:46.300";"26:46.3";"1";"39";"3:35.9";"258";"9:02.5";"385";"11:03.7";"2016-01-24T14:20:46.8000000";"";""
"369";"Steinar";"Riksaasen";"M";"NOR";"Dombås IL";"NC Sprint";"M20-21";"NC";"26:59.5";"00:26:59.500";"26:59.5";"1";"40";"3:49.1";"259";"9:15.7";"386";"11:16.9";"2016-01-24T14:26:20.9000000";"";""
"364";"Georg Kristian";"Halsteinslid";"M";"NOR";"Markane IL";"NC Sprint";"M20-21";"NC";"27:02.4";"00:27:02.400";"27:02.4";"1";"41";"3:52.0";"260";"9:18.6";"387";"11:19.8";"2016-01-24T14:24:42.7000000";"";""
"368";"Trygve Aaland";"Tryggestad";"M";"NOR";"Sunnylven IL";"NC Sprint";"M20-21";"NC";"27:12.5";"00:27:12.500";"27:12.5";"1";"42";"4:02.1";"263";"9:28.7";"390";"11:29.9";"2016-01-24T14:26:12.8000000";"";""
"363";"Kristian";"Grue";"M";"NOR";"Fet SK";"NC Sprint";"M20-21";"NC";"27:30.3";"00:27:30.300";"27:30.3";"1";"43";"4:19.9";"264";"9:46.5";"391";"11:47.7";"2016-01-24T14:24:50.7000000";"";""
"379";"Sindre";"FJELLAVLI";"M";"NOR";"Bossmo & Ytteren IL";"NC Sprint";"M20-21";"NC";"27:36.2";"00:27:36.200";"27:36.2";"1";"44";"4:25.8";"265";"9:52.4";"392";"11:53.6";"2016-01-24T14:30:17.1000000";"";""
"343";"Erlend";"Gammelsæter";"M";"NOR";"Tingelstad Skiskytterklubb / Team Lygna skiskyting";"NC Sprint";"M20-21";"NC";"27:38.4";"00:27:38.400";"27:38.4";"1";"45";"4:28.0";"266";"9:54.6";"393";"11:55.8";"2016-01-24T14:18:19.4000000";"";""
"345";"Henrik";"Aslesen";"M";"NOR";"Fet SK / Team Statkraft Oslofjord";"NC Sprint";"M20-21";"NC";"27:50.7";"00:27:50.700";"27:50.7";"1";"46";"4:40.3";"267";"10:06.9";"394";"12:08.1";"2016-01-24T14:19:11.3000000";"";""
"392";"Trygve";"Vangsnes";"M";"NOR";"Hålandsdal IL / Team Glalaks";"NC Sprint";"M20-21";"NC";"28:22.1";"00:28:22.100";"28:22.1";"1";"47";"5:11.7";"268";"10:38.3";"395";"12:39.5";"2016-01-24T14:35:23.2000000";"";""
"380";"Erlend Solhaug";"Myklebust";"M";"NOR";"Stårheim IL";"NC Sprint";"M20-21";"NC";"29:50.4";"00:29:50.400";"29:50.4";"1";"48";"6:40.0";"269";"12:06.6";"396";"14:07.8";"2016-01-24T14:32:51.1000000";"";""